$MeshFormat
4.1 0 8
$EndMeshFormat
$PhysicalNames
5
1 1 "Inlet"
1 2 "Outlet"
1 3 "Walls"
1 4 "Cylinder"
2 5 "Domain"
$EndPhysicalNames
$Entities
9 8 1 0
1 0 0 0 0 
2 2.2 0 0 0 
3 2.2 0.41 0 0 
4 0 0.41 0 0 
5 0.2 0.2 0 0 
6 0.25 0.2 0 0 
7 0.2 0.25 0 0 
8 0.15 0.2 0 0 
9 0.2 0.15 0 0 
1 0 0 0 2.2 0 0 1 3 2 1 -2 
2 2.2 0 0 2.2 0.41 0 1 2 2 2 -3 
3 0 0.41 0 2.2 0.41 0 1 3 2 3 -4 
4 0 0 0 0 0.41 0 1 1 2 4 -1 
5 0.2 0.2 0 0.25 0.25 0 1 4 2 6 -7 
6 0.15 0.2 0 0.2 0.25 0 1 4 2 7 -8 
7 0.15 0.15 0 0.2 0.2 0 1 4 2 8 -9 
8 0.2 0.15 0 0.25 0.2 0 1 4 2 9 -6 
1 0 0 0 2.2 0.41 0 1 5 8 1 2 3 4 -8 -7 -6 -5 
$EndEntities
$Nodes
17 1708 1 1708
0 1 0 1
1
0 0 0
0 2 0 1
2
2.2 0 0
0 3 0 1
3
2.2 0.41 0
0 4 0 1
4
0 0.41 0
0 6 0 1
5
0.25 0.2 0
0 7 0 1
6
0.2 0.25 0
0 8 0 1
7
0.15 0.2 0
0 9 0 1
8
0.2 0.15 0
1 1 0 72
9
10
11
12
13
14
15
16
17
18
19
20
21
22
23
24
25
26
27
28
29
30
31
32
33
34
35
36
37
38
39
40
41
42
43
44
45
46
47
48
49
50
51
52
53
54
55
56
57
58
59
60
61
62
63
64
65
66
67
68
69
70
71
72
73
74
75
76
77
78
79
80
0.04319271116995502 0 0
0.08141518378277444 0 0
0.1159640479503717 0 0
0.147938467330951 0 0
0.1777019892957665 0 0
0.2074416659237193 0 0
0.2371813425516728 0 0
0.2669210191796285 0 0
0.2966606958075612 0 0
0.3264003724354728 0 0
0.3561400490633659 0 0
0.3858797256912745 0 0
0.4156194023191861 0 0
0.4453590789470978 0 0
0.4750987555750025 0 0
0.5048384322028995 0 0
0.5345781088308088 0 0
0.5643177854586831 0 0
0.594057462086591 0 0
0.6237971387145027 0 0
0.6535368153424144 0 0
0.683276491970326 0 0
0.7130161685982378 0 0
0.7427558452261493 0 0
0.772495521854061 0 0
0.8022351984819727 0 0
0.8319748751098538 0 0
0.8617145517377527 0 0
0.8914542283656643 0 0
0.921193904993576 0 0
0.9509335816214876 0 0
0.9806732582493992 0 0
1.010412934877328 0 0
1.040152611505244 0 0
1.069892288133199 0 0
1.099631964761111 0 0
1.129371641389171 0 0
1.159111318017251 0 0
1.188850994645337 0 0
1.218590671273399 0 0
1.248330347901488 0 0
1.278070024529566 0 0
1.307809701157628 0 0
1.337549377785725 0 0
1.367289054413795 0 0
1.397028731041857 0 0
1.426768407669962 0 0
1.456508084298023 0 0
1.486247760926085 0 0
1.51598743755419 0 0
1.545727114182252 0 0
1.575466790810313 0 0
1.605206467438419 0 0
1.63494614406648 0 0
1.664685820694542 0 0
1.694425497322604 0 0
1.724165173950709 0 0
1.753904850578771 0 0
1.783644527206832 0 0
1.813384203834937 0 0
1.843123880462999 0 0
1.872863557091061 0 0
1.902603233719166 0 0
1.932342910347228 0 0
1.962082586975296 0 0
1.991822263603394 0 0
2.021561940231386 0 0
2.051301616859403 0 0
2.081041293487627 0 0
2.110780970115693 0 0
2.140520646743727 0 0
2.17026032337195 0 0
1 2 0 13
81
82
83
84
85
86
87
88
89
90
91
92
93
2.2 0.02924798193031089 0
2.2 0.05849596386062431 0
2.2 0.08774394579090875 0
2.2 0.1169919277211857 0
2.2 0.1462399096514672 0
2.2 0.1754878915817683 0
2.2 0.2047358735120464 0
2.2 0.2339838554424971 0
2.2 0.2632318373729229 0
2.2 0.2924798193033428 0
2.2 0.321727801233806 0
2.2 0.350975783164226 0
2.2 0.3802237650946891 0
1 3 0 33
94
95
96
97
98
99
100
101
102
103
104
105
106
107
108
109
110
111
112
113
114
115
116
117
118
119
120
121
122
123
124
125
126
2.119993099383689 0.41 0
2.039986198767552 0.41 0
1.959979298151241 0.41 0
1.879972397535115 0.41 0
1.799965496919034 0.41 0
1.719958596302957 0.41 0
1.639951695686805 0.41 0
1.559944795070652 0.41 0
1.479937894454587 0.41 0
1.399930993838521 0.41 0
1.319924093222456 0.41 0
1.239917192606384 0.41 0
1.159910291990282 0.41 0
1.079903391374028 0.41 0
0.99989649075749 0.41 0
0.919889590140971 0.41 0
0.8398826895244225 0.41 0
0.7598757889078691 0.41 0
0.6798688882913129 0.41 0
0.5998619876747572 0.41 0
0.5261418518130688 0.41 0
0.463824176221925 0.41 0
0.410528914786039 0.41 0
0.364266342011009 0.41 0
0.3233639045231397 0.41 0
0.2863995370529476 0.41 0
0.2521418768684907 0.41 0
0.2194951038774441 0.41 0
0.1874459480888705 0.41 0
0.1550122502528026 0.41 0
0.1211918087869344 0.41 0
0.0849110231046743 0.41 0
0.04497239664122599 0.41 0
1 4 0 11
127
128
129
130
131
132
133
134
135
136
137
0 0.3667300422405335 0
0 0.3284796111831136 0
0 0.2940099692406076 0
0 0.2622513778404429 0
0 0.2322592802068238 0
0 0.2031729149266048 0
0 0.174175260090646 0
0 0.1444536176306717 0
0 0.1131602276216519 0
0 0.07937241190726654 0
0 0.04205158447733816 0
1 5 0 7
138
139
140
141
142
143
144
0.249039264015143 0.2097545161260364 0
0.2461939766025786 0.219134171673747 0
0.2415734805766164 0.2277785117086157 0
0.2353553389876467 0.235355339131008 0
0.2277785116037794 0.2415734806466658 0
0.2191341716042925 0.2461939766313476 0
0.2097545160825927 0.2490392640237845 0
1 6 0 7
145
146
147
148
149
150
151
0.1902454838739636 0.249039264015143 0
0.1808658283262531 0.2461939766025786 0
0.1722214882913843 0.2415734805766164 0
0.164644660868992 0.2353553389876467 0
0.1584265193533343 0.2277785116037794 0
0.1538060233686525 0.2191341716042925 0
0.1509607359762156 0.2097545160825927 0
1 7 0 7
152
153
154
155
156
157
158
0.1509607359848571 0.1902454838739636 0
0.1538060233974214 0.1808658283262531 0
0.1584265194233836 0.1722214882913843 0
0.1646446610123533 0.164644660868992 0
0.1722214883962206 0.1584265193533343 0
0.1808658283957075 0.1538060233686525 0
0.1902454839174073 0.1509607359762156 0
1 8 0 7
159
160
161
162
163
164
165
0.2097545161260364 0.1509607359848571 0
0.219134171673747 0.1538060233974214 0
0.2277785117086157 0.1584265194233836 0
0.235355339131008 0.1646446610123533 0
0.2415734806466658 0.1722214883962206 0
0.2461939766313476 0.1808658283957075 0
0.2490392640237845 0.1902454839174073 0
2 1 0 1543
166
167
168
169
170
171
172
173
174
175
176
177
178
179
180
181
182
183
184
185
186
187
188
189
190
191
192
193
194
195
196
197
198
199
200
201
202
203
204
205
206
207
208
209
210
211
212
213
214
215
216
217
218
219
220
221
222
223
224
225
226
227
228
229
230
231
232
233
234
235
236
237
238
239
240
241
242
243
244
245
246
247
248
249
250
251
252
253
254
255
256
257
258
259
260
261
262
263
264
265
266
267
268
269
270
271
272
273
274
275
276
277
278
279
280
281
282
283
284
285
286
287
288
289
290
291
292
293
294
295
296
297
298
299
300
301
302
303
304
305
306
307
308
309
310
311
312
313
314
315
316
317
318
319
320
321
322
323
324
325
326
327
328
329
330
331
332
333
334
335
336
337
338
339
340
341
342
343
344
345
346
347
348
349
350
351
352
353
354
355
356
357
358
359
360
361
362
363
364
365
366
367
368
369
370
371
372
373
374
375
376
377
378
379
380
381
382
383
384
385
386
387
388
389
390
391
392
393
394
395
396
397
398
399
400
401
402
403
404
405
406
407
408
409
410
411
412
413
414
415
416
417
418
419
420
421
422
423
424
425
426
427
428
429
430
431
432
433
434
435
436
437
438
439
440
441
442
443
444
445
446
447
448
449
450
451
452
453
454
455
456
457
458
459
460
461
462
463
464
465
466
467
468
469
470
471
472
473
474
475
476
477
478
479
480
481
482
483
484
485
486
487
488
489
490
491
492
493
494
495
496
497
498
499
500
501
502
503
504
505
506
507
508
509
510
511
512
513
514
515
516
517
518
519
520
521
522
523
524
525
526
527
528
529
530
531
532
533
534
535
536
537
538
539
540
541
542
543
544
545
546
547
548
549
550
551
552
553
554
555
556
557
558
559
560
561
562
563
564
565
566
567
568
569
570
571
572
573
574
575
576
577
578
579
580
581
582
583
584
585
586
587
588
589
590
591
592
593
594
595
596
597
598
599
600
601
602
603
604
605
606
607
608
609
610
611
612
613
614
615
616
617
618
619
620
621
622
623
624
625
626
627
628
629
630
631
632
633
634
635
636
637
638
639
640
641
642
643
644
645
646
647
648
649
650
651
652
653
654
655
656
657
658
659
660
661
662
663
664
665
666
667
668
669
670
671
672
673
674
675
676
677
678
679
680
681
682
683
684
685
686
687
688
689
690
691
692
693
694
695
696
697
698
699
700
701
702
703
704
705
706
707
708
709
710
711
712
713
714
715
716
717
718
719
720
721
722
723
724
725
726
727
728
729
730
731
732
733
734
735
736
737
738
739
740
741
742
743
744
745
746
747
748
749
750
751
752
753
754
755
756
757
758
759
760
761
762
763
764
765
766
767
768
769
770
771
772
773
774
775
776
777
778
779
780
781
782
783
784
785
786
787
788
789
790
791
792
793
794
795
796
797
798
799
800
801
802
803
804
805
806
807
808
809
810
811
812
813
814
815
816
817
818
819
820
821
822
823
824
825
826
827
828
829
830
831
832
833
834
835
836
837
838
839
840
841
842
843
844
845
846
847
848
849
850
851
852
853
854
855
856
857
858
859
860
861
862
863
864
865
866
867
868
869
870
871
872
873
874
875
876
877
878
879
880
881
882
883
884
885
886
887
888
889
890
891
892
893
894
895
896
897
898
899
900
901
902
903
904
905
906
907
908
909
910
911
912
913
914
915
916
917
918
919
920
921
922
923
924
925
926
927
928
929
930
931
932
933
934
935
936
937
938
939
940
941
942
943
944
945
946
947
948
949
950
951
952
953
954
955
956
957
958
959
960
961
962
963
964
965
966
967
968
969
970
971
972
973
974
975
976
977
978
979
980
981
982
983
984
985
986
987
988
989
990
991
992
993
994
995
996
997
998
999
1000
1001
1002
1003
1004
1005
1006
1007
1008
1009
1010
1011
1012
1013
1014
1015
1016
1017
1018
1019
1020
1021
1022
1023
1024
1025
1026
1027
1028
1029
1030
1031
1032
1033
1034
1035
1036
1037
1038
1039
1040
1041
1042
1043
1044
1045
1046
1047
1048
1049
1050
1051
1052
1053
1054
1055
1056
1057
1058
1059
1060
1061
1062
1063
1064
1065
1066
1067
1068
1069
1070
1071
1072
1073
1074
1075
1076
1077
1078
1079
1080
1081
1082
1083
1084
1085
1086
1087
1088
1089
1090
1091
1092
1093
1094
1095
1096
1097
1098
1099
1100
1101
1102
1103
1104
1105
1106
1107
1108
1109
1110
1111
1112
1113
1114
1115
1116
1117
1118
1119
1120
1121
1122
1123
1124
1125
1126
1127
1128
1129
1130
1131
1132
1133
1134
1135
1136
1137
1138
1139
1140
1141
1142
1143
1144
1145
1146
1147
1148
1149
1150
1151
1152
1153
1154
1155
1156
1157
1158
1159
1160
1161
1162
1163
1164
1165
1166
1167
1168
1169
1170
1171
1172
1173
1174
1175
1176
1177
1178
1179
1180
1181
1182
1183
1184
1185
1186
1187
1188
1189
1190
1191
1192
1193
1194
1195
1196
1197
1198
1199
1200
1201
1202
1203
1204
1205
1206
1207
1208
1209
1210
1211
1212
1213
1214
1215
1216
1217
1218
1219
1220
1221
1222
1223
1224
1225
1226
1227
1228
1229
1230
1231
1232
1233
1234
1235
1236
1237
1238
1239
1240
1241
1242
1243
1244
1245
1246
1247
1248
1249
1250
1251
1252
1253
1254
1255
1256
1257
1258
1259
1260
1261
1262
1263
1264
1265
1266
1267
1268
1269
1270
1271
1272
1273
1274
1275
1276
1277
1278
1279
1280
1281
1282
1283
1284
1285
1286
1287
1288
1289
1290
1291
1292
1293
1294
1295
1296
1297
1298
1299
1300
1301
1302
1303
1304
1305
1306
1307
1308
1309
1310
1311
1312
1313
1314
1315
1316
1317
1318
1319
1320
1321
1322
1323
1324
1325
1326
1327
1328
1329
1330
1331
1332
1333
1334
1335
1336
1337
1338
1339
1340
1341
1342
1343
1344
1345
1346
1347
1348
1349
1350
1351
1352
1353
1354
1355
1356
1357
1358
1359
1360
1361
1362
1363
1364
1365
1366
1367
1368
1369
1370
1371
1372
1373
1374
1375
1376
1377
1378
1379
1380
1381
1382
1383
1384
1385
1386
1387
1388
1389
1390
1391
1392
1393
1394
1395
1396
1397
1398
1399
1400
1401
1402
1403
1404
1405
1406
1407
1408
1409
1410
1411
1412
1413
1414
1415
1416
1417
1418
1419
1420
1421
1422
1423
1424
1425
1426
1427
1428
1429
1430
1431
1432
1433
1434
1435
1436
1437
1438
1439
1440
1441
1442
1443
1444
1445
1446
1447
1448
1449
1450
1451
1452
1453
1454
1455
1456
1457
1458
1459
1460
1461
1462
1463
1464
1465
1466
1467
1468
1469
1470
1471
1472
1473
1474
1475
1476
1477
1478
1479
1480
1481
1482
1483
1484
1485
1486
1487
1488
1489
1490
1491
1492
1493
1494
1495
1496
1497
1498
1499
1500
1501
1502
1503
1504
1505
1506
1507
1508
1509
1510
1511
1512
1513
1514
1515
1516
1517
1518
1519
1520
1521
1522
1523
1524
1525
1526
1527
1528
1529
1530
1531
1532
1533
1534
1535
1536
1537
1538
1539
1540
1541
1542
1543
1544
1545
1546
1547
1548
1549
1550
1551
1552
1553
1554
1555
1556
1557
1558
1559
1560
1561
1562
1563
1564
1565
1566
1567
1568
1569
1570
1571
1572
1573
1574
1575
1576
1577
1578
1579
1580
1581
1582
1583
1584
1585
1586
1587
1588
1589
1590
1591
1592
1593
1594
1595
1596
1597
1598
1599
1600
1601
1602
1603
1604
1605
1606
1607
1608
1609
1610
1611
1612
1613
1614
1615
1616
1617
1618
1619
1620
1621
1622
1623
1624
1625
1626
1627
1628
1629
1630
1631
1632
1633
1634
1635
1636
1637
1638
1639
1640
1641
1642
1643
1644
1645
1646
1647
1648
1649
1650
1651
1652
1653
1654
1655
1656
1657
1658
1659
1660
1661
1662
1663
1664
1665
1666
1667
1668
1669
1670
1671
1672
1673
1674
1675
1676
1677
1678
1679
1680
1681
1682
1683
1684
1685
1686
1687
1688
1689
1690
1691
1692
1693
1694
1695
1696
1697
1698
1699
1700
1701
1702
1703
1704
1705
1706
1707
1708
0.2591082355018989 0.1937843967657713 0
0.4598289693127804 0.02303837666388665 0
2.00466378709978 0.02898058724625232 0
0.2513699466587447 0.2274578086277497 0
0.2452882456937445 0.1645362076595161 0
0.2279507508053919 0.1489444624096033 0
0.2057092798303633 0.1420327092446519 0
0.2368113029118553 0.2450679186616299 0
0.1838741642540011 0.1429454279238856 0
0.1627702736965803 0.1547591395012125 0
0.1474535155553899 0.1716241244471689 0
0.142032709244652 0.1942907201696366 0
0.1443880076639562 0.2163161323186378 0
0.1549454829835455 0.2364725819446956 0
0.1720492491946082 0.2510555375903967 0
0.1942907201696367 0.2579672907553479 0
0.2173209565022095 0.2570995414157479 0
2.175214224512295 0.1913940488288118 0
0.3710098873773209 0.02347669543700269 0
1.919931656299238 0.02969891870498381 0
1.827785184174303 0.02338519578321424 0
1.73728640808851 0.02688758122833305 0
1.65311203062164 0.02711547668196862 0
1.554578605268788 0.02654256386309076 0
1.474520769645977 0.02434823034518124 0
1.383661760517163 0.02647676573615401 0
1.292939862843597 0.02575531546023582 0
1.207797632508802 0.02224951764480675 0
1.114501803075141 0.02575531546017005 0
0.5484298433955924 0.02379550257737682 0
0.6395224793330416 0.01994103747723093 0
1.025792694323311 0.02206269354698538 0
0.9363862154409256 0.01970902852074911 0
0.8460290344477134 0.02507590538011256 0
0.728223046756715 0.02453865985534938 0
0.4431881481195666 0.3699271638710113 0
0.3417573932269496 0.3782738460895723 0
0.02866439461128972 0.3117633811922741 0
0.02506307280969512 0.09753847712007017 0
0.2801293417939161 0.02986447277630523 0
2.095911131801661 0.02575531546022563 0
0.5627181522831276 0.3517482576995992 0
0.1319512576406613 0.02673331279123275 0
0.2658988479739199 0.3809720859051073 0
0.02472060998994874 0.2470487207543766 0
0.02724390185263233 0.158409181382233 0
0.1393174912219407 0.3862340805462222 0
0.2226892623167796 0.02582616852659882 0
0.2023054542606504 0.3825835558258636 0
0.8030810553413399 0.3438516086584471 0
1.518037741517185 0.3395498876865152 0
1.679955145994881 0.3407119915883876 0
0.9557518855139591 0.3364587578042726 0
1.361261633845215 0.3413779525849086 0
1.84386016643196 0.3417637905669805 0
1.120232470029469 0.3400408957342455 0
2.176056450471839 0.2778852518895913 0
2.000848806426188 0.3398984999244113 0
2.177116512489763 0.09742512506091321 0
0.7873653601680168 0.02575531546009261 0
0.0629567503640104 0.03233369597329316 0
0.06672710724124858 0.3840984872050457 0
2.172906173487446 0.3360721893406215 0
2.154649231872388 0.02407282376816131 0
0.3942518089879523 0.3716294152186874 0
2.082977976904347 0.3424088598798509 0
1.199913742298333 0.3407119915884115 0
0.7220142893734998 0.3427582599252584 0
0.879527083163527 0.3410336099065968 0
1.043852065857941 0.3374070439953977 0
1.601209714418319 0.3397676288983781 0
1.920565955656299 0.3406372175360525 0
1.760980226025184 0.3412360093581689 0
1.279920642914419 0.3407119915884289 0
1.439934444146554 0.3407119915884319 0
0.6407971451402414 0.3384990195895297 0
0.1819608744553667 0.2564882753891363 0
0.186829758162998 0.2659869762741324 0
0.1968095615644408 0.2675598276048841 0
0.1895667862866436 0.2752062391599095 0
0.1991437040964842 0.2775705569111265 0
0.1922650766346455 0.284803922133561 0
0.1825364475477419 0.2823945691915002 0
0.2019594280626039 0.2872021465727517 0
0.1852933735134562 0.2919798190628646 0
0.1755408838848964 0.2895697376240227 0
0.1784513928630179 0.2993680165691162 0
0.1685561752136986 0.2969060020084996 0
0.1657545153580076 0.2871038278413632 0
0.1586265553375357 0.2945093253162455 0
0.1556879768024554 0.284564655183265 0
0.1486038832346643 0.2920286149734067 0
0.1455059319311234 0.2819826602623108 0
0.1383310350469019 0.2895530531369191 0
0.1356136455165159 0.2798820319126776 0
0.127655492215528 0.2872943958708759 0
0.1255013147393763 0.2754676951047486 0
0.1714005935193381 0.306761973701579 0
0.1815745897967329 0.309864337402038 0
0.115916067051547 0.2850584307403916 0
0.1126538150705828 0.273155615187391 0
0.1190468706527119 0.2993956562030101 0
0.1206323841073363 0.2644713742470036 0
0.1095647631444095 0.2617174583071434 0
0.1174082419610882 0.2536751681995451 0
0.1067141176018099 0.2502231666562038 0
0.09799950309443961 0.2588006301206643 0
0.09556585876442437 0.2468613197670644 0
0.1042134870334941 0.2388251460387562 0
0.093394855850832 0.2351799340933553 0
0.1020458069820181 0.2278777342361543 0
0.09080406782892649 0.2237307683816607 0
0.09983931447529765 0.2167780317551931 0
0.08929182789377613 0.2126665166417868 0
0.09783529387465487 0.2056731993394778 0
0.1028976610362654 0.2816805122424319 0
0.08737390598307802 0.2016516176692448 0
0.0977358222215271 0.1938309335131925 0
0.0852875438787031 0.1901820424788243 0
0.09423601377704434 0.1824733700053397 0
0.1730940750056663 0.3188152937074992 0
0.07554087531024956 0.1975495142985629 0
0.08303460739660425 0.1784699795415663 0
0.0922661769120804 0.170703959660775 0
0.1030064904760378 0.1746394768516542 0
0.1013393096842788 0.1634979613697726 0
0.0903463795692432 0.1587255560961612 0
0.1003075894016837 0.1514913308081963 0
0.08871486385773966 0.1457599149772902 0
0.09966823762558082 0.1385393937389943 0
0.1093822209585485 0.1454124525244551 0
0.1118921508750395 0.1328053582180145 0
0.09922932442259308 0.1255548922219917 0
0.110893636859149 0.1188639416725102 0
0.1223794678626982 0.1248492603253944 0
0.122266699732062 0.1124576133055675 0
0.1326214245189426 0.118856110173044 0
0.1330673097410848 0.1066774948848789 0
0.1430384317830585 0.1129525548678181 0
0.1435625686452894 0.1010500409796834 0
0.1537482914598156 0.1071182059870392 0
0.1540082226700018 0.09546460287857517 0
0.1642127889981501 0.1014186100137666 0
0.1644259499218276 0.08980009882348851 0
0.174717090364181 0.0958758707251519 0
0.1225177855519094 0.09945469164305157 0
0.09827115109692788 0.1112213684231175 0
0.1751965813052109 0.08368613828376283 0
0.1853826949117637 0.09045125335247912 0
0.1842784122044659 0.1016809105334868 0
0.1948883204435465 0.09685715960477342 0
0.1960521159233048 0.08558864507269061 0
0.2052258599187095 0.09248259588814395 0
0.1323759154192967 0.1301487158600539 0
0.08491324132274687 0.1182445075283956 0
0.07726130509699536 0.1541126440774316 0
0.2039534061234425 0.1031917866311697 0
0.2139320884038817 0.0991838784069206 0
0.2156443770936795 0.0879835522001535 0
0.2252140952812047 0.09717108835566655 0
0.2267437048459016 0.08397025595151876 0
0.2363080912928291 0.09180452258986545 0
0.2350598959076084 0.1036110426389924 0
0.2450859188318536 0.09967495812432962 0
0.2432868570581415 0.110243929565348 0
0.2532779493135281 0.1070698261058984 0
0.2511599125767765 0.1175186662822942 0
0.2615009170608951 0.1145282723048938 0
0.2639570870227295 0.1031251208643723 0
0.2726845424349907 0.1112622876207149 0
0.2684243660500161 0.123825774915033 0
0.2809096223340059 0.1199164191861638 0
0.2776448231646493 0.1308508764373931 0
0.289350805286166 0.1280651692675422 0
0.2861434878323701 0.1396772451675988 0
0.2976806045211899 0.1366557698822721 0
0.2948988011210533 0.1485088194384147 0
0.3066199802964382 0.145425314414972 0
0.3033659197812754 0.1567353098391923 0
0.3159388973578179 0.1542641988681198 0
0.3124506577898708 0.1653777956747294 0
0.3261428618366372 0.1638685115638862 0
0.3225184697220502 0.1780523031144225 0
0.3373935928509621 0.1742983843323377 0
0.333513077567079 0.1893491156225956 0
0.350939457413598 0.1845330298768804 0
0.3456013550987749 0.2033860207627375 0
0.36584215283387 0.2003646732962394 0
0.3700170841521387 0.1762732768100423 0
0.3884498366192535 0.1954042570757602 0
0.3302915241333292 0.1492381404084849 0
0.3013225619083129 0.1249893242384551 0
0.3594669903843668 0.2206247656657357 0
0.3389148133444929 0.222578858955777 0
0.3931227698467984 0.167694754717514 0
0.4140481935166154 0.1877716150455597 0
0.3527121181449567 0.2384749301373202 0
0.3336639897079845 0.2426585012511208 0
0.3177102778583336 0.1928674687810561 0
0.3466901487073579 0.2566973791701507 0
0.3276430976967175 0.2600725606455922 0
0.3680332490428687 0.253578999598907 0
0.4203689723663778 0.1596437088201293 0
0.4421695267353333 0.1799062318456044 0
0.4342001867252455 0.2080569785086427 0
0.4634694542615296 0.2004171672569181 0
0.4710086433533586 0.1716955751347928 0
0.4924857366536988 0.1926229546045755 0
0.499903214546653 0.1636048029139157 0
0.521388704214909 0.1845539802517754 0
0.4846391103390532 0.2214238334773022 0
0.5287886485288339 0.1554898311970558 0
0.5502714318538314 0.1764344897080896 0
0.5576677248117622 0.147362159661362 0
0.579149716543338 0.1683044292706571 0
0.5717552509075344 0.1973796357970569 0
0.6006317302470683 0.1892465987929866 0
0.6080267161061393 0.160172289616241 0
0.6295083879919617 0.1811138694421286 0
0.6369033714452449 0.1520395559931864 0
0.6583849536417841 0.172980981254432 0
0.6509899552396934 0.2020552689426123 0
0.6798665237027338 0.1939223856024436 0
0.6872615245021685 0.1648481020460106 0
0.7087430928084999 0.1857895033701689 0
0.7161380935253023 0.1567152196713714 0
0.7376196613356291 0.1776566201408078 0
0.730224660536159 0.2067309036971515 0
0.759101229078844 0.1985980204945962 0
0.7664962298915734 0.1695237369611012 0
0.7879777976250849 0.1904651372981682 0
0.7953727984373573 0.1613908537638857 0
0.8168543661681256 0.1823322540962259 0
0.8242493669809143 0.1532579705628331 0
0.8457309347113436 0.1741993708945889 0
0.8531259355241299 0.1451250873611919 0
0.8746075032544702 0.1660664876927945 0
0.8672125024416693 0.1951407712261659 0
0.8960890709847984 0.1870078880243762 0
0.9034840717976018 0.1579336044910087 0
0.9249656395279284 0.1788750048225873 0
0.9323606403407314 0.1498007212892195 0
0.9538422080710577 0.1707421216207971 0
0.946447207258255 0.199816405154165 0
0.9753237758013841 0.1916835219523749 0
0.9827187766141869 0.162609238419007 0
1.004200344344513 0.1835506387505839 0
1.011595345157316 0.1544763552172166 0
1.033076912887643 0.1754177555487928 0
1.040471913700445 0.1463434720154258 0
1.061953481430772 0.1672848723470017 0
1.05455848061797 0.1963591558803695 0
1.083435049161098 0.1882262726785789 0
1.090830049973901 0.1591519891452106 0
1.112311617704228 0.1800933894767873 0
1.119706618517029 0.1510191059434187 0
1.141188186247357 0.1719605062749951 0
1.133793185434555 0.2010347898083635 0
1.162669753977685 0.1929019066065712 0
1.170064754790486 0.1638276230732029 0
1.191546322520813 0.1847690234047796 0
1.198941323333615 0.1556947398714105 0
1.220422891063942 0.1766361402029875 0
1.213027890251141 0.205710423736358 0
1.241904458794269 0.1975775405345664 0
1.249299459607072 0.168503257001197 0
1.270781027337398 0.1894446573327762 0
1.278176028150201 0.1603703737994077 0
1.299657595880528 0.1813117741309855 0
1.307052596693329 0.1522374905976127 0
1.328534164423657 0.1731788909291944 0
1.321139163610854 0.202253174462564 0
1.350015732153983 0.1941202912607733 0
1.357410732966787 0.1650460077274055 0
1.378892300697113 0.1859874080589845 0
1.386287301509916 0.1569131245256149 0
1.407768869240242 0.1778545248571948 0
1.415163870053046 0.1487802413238244 0
1.436645437783372 0.169721641655405 0
1.429250436970569 0.1987959251887728 0
1.458127005513698 0.1906630419869832 0
1.465522006326502 0.1615887584536164 0
1.487003574056827 0.1825301587851948 0
1.494398574869632 0.1534558752518281 0
1.515880142599957 0.1743972755834073 0
1.50848514178715 0.2034715591167759 0
1.53736171033028 0.1953386759149919 0
1.544756711143088 0.1662643923816208 0
1.56623827887341 0.1872057927132018 0
1.573633279686218 0.1581315091798353 0
1.595114847416541 0.1790729095114154 0
1.602509848229348 0.1499986259780494 0
1.623991415959672 0.1709400263096299 0
1.616596415146866 0.2000143098429959 0
1.645472983689995 0.1918814266412089 0
1.652867984502802 0.162807143107843 0
1.674349552233125 0.1837485434394219 0
1.681744553045931 0.1546742599060558 0
1.703226120776256 0.1756156602376347 0
1.695831119963452 0.2046899437710009 0
1.724707688506582 0.1965570605692131 0
1.732102689319386 0.1674827770358464 0
1.753584257049711 0.1884241773674253 0
1.760979257862515 0.1593498938340589 0
1.782460825592841 0.1802912941656379 0
1.789855826405645 0.1512170106322709 0
1.81133739413597 0.1721584109638493 0
1.803942393323167 0.2012326944972154 0
1.832818961866296 0.1930998112954281 0
1.840213962679099 0.1640255277620605 0
1.861695530409428 0.1849669280936446 0
1.869090531222229 0.1558926445602717 0
1.890572098952558 0.1768340448918548 0
1.897967099765358 0.1477597613584811 0
1.919448667495685 0.1687011616900572 0
1.912053666682886 0.1977754452234294 0
1.940930235226013 0.1896425620216317 0
1.948325236038813 0.1605682784882634 0
1.969806803769141 0.1815096788198373 0
1.97720180458194 0.1524353952864719 0
1.998683372312269 0.1733767956180434 0
2.006078373125066 0.1443025120846774 0
2.027559940855397 0.1652439124162497 0
2.020164940042585 0.1943181959496288 0
0.3146907699318327 0.246867990131951 0
0.3104143849457112 0.263591894135672 0
0.3207855148790989 0.276412887673015 0
0.3041616990119983 0.2781806534760209 0
0.2762198995215661 0.09869636565586297 0
0.2966013963779124 0.2663166403567127 0
0.2884469683724358 0.2783060655394162 0
0.2972866292488441 0.292163105150868 0
0.282227546465763 0.2924774853538723 0
0.5932368037407241 0.2183210105105878 0
1.854300529596629 0.2140412116270242 0
0.9968053435317106 0.2126249222839521 0
1.371497299884308 0.2150616915923523 0
1.962411802956332 0.210583962353203 0
0.8094593653553953 0.2114065376297205 0
1.076040048348296 0.2173005562119469 0
1.558843278060606 0.2162800762465771 0
0.8886940701719955 0.2160821715577443 0
2.034954941668191 0.1361696288828783 0
0.2905896031411326 0.1590470750852653 0
0.3607283937932907 0.2753268542780598 0
0.3855168026532053 0.2706895163886694 0
2.049041508585726 0.186185312747825 0
2.041646507772914 0.2152595962812051 0
0.6724715232783606 0.2229966698052142 0
1.155274753164883 0.2219761901399393 0
1.638077982877192 0.2209557101745755 0
1.450732004700896 0.2197373255203503 0
0.2743670520486543 0.2811947018131969 0
0.2686075321544726 0.2925796288909266 0
1.256694460419874 0.1394289734678286 0
0.2619055003685966 0.2819331570418322 0
0.2565237215725078 0.292406041642668 0
0.2674566057425132 0.271740787822361 0
1.746189256236911 0.2174984609007933 0
0.6946565257788191 0.1357738193121856 0
1.263386026524596 0.2185189408661447 0
0.2509370222661318 0.2828604458879379 0
0.2454570576866466 0.292615276974579 0
0.2507597976329762 0.3022096178261505 0
0.2390100053479272 0.302444681731619 0
0.7517062282681884 0.2276723040316652 0
0.9901137774269881 0.1335349548856395 0
1.177459755603287 0.134753339539835 0
0.7738912307069429 0.140449453432155 0
0.2750393611505854 0.3049160937158095 0
0.3977069173478914 0.1394007335614511 0
0.5073105243722014 0.1345554691514441 0
1.364805733779591 0.135971724194037 0
0.2450823332269839 0.3133204370070849 0
0.2316772752923209 0.3128174807734767 0
0.1881539213320614 0.3208886622215541 0
0.6154218007288368 0.1310981506634887 0
1.552151711955896 0.1371901088482551 0
1.73949769013219 0.1384084935024792 0
0.9108790726104052 0.1288593209576422 0
0.2333417283977542 0.1144130084367596 0
1.876485532035031 0.1268183610269026 0
0.1112136865461516 0.1676731455670077 0
1.955720236851612 0.1314939949549009 0
0.1074055120855732 0.210013314712383 0
0.2401801001233792 0.283544045325022 0
1.098225050786701 0.1300777056118426 0
0.1534193974556894 0.1180790964016596 0
2.070523076316054 0.2071267130794005 0
2.077918077128855 0.178052429546022 0
0.1430520059869946 0.2724933996835179 0
1.660262985315607 0.1337328595744764 0
1.472917007139307 0.1325144749202492 0
0.2172563899748689 0.07610798152428716 0
0.2674143959276473 0.1344829717249566 0
2.063128075503257 0.2362009966127675 0
2.03425150696011 0.2443338798146099 0
0.8316443677938011 0.124183687029609 0
0.1527511483645201 0.3037008268167185 0
0.1119394757841384 0.2305904536790246 0
0.4261020310575447 0.1303434201268544 0
0.2391408815347373 0.07676063659848265 0
0.1128634545292593 0.1779046553885007 0
0.08534283369078011 0.2553595668697637 0
0.0827576233353835 0.2309708282692544 0
0.238815665002958 0.3255689712191478 0
0.1436581342016059 0.08867803439004093 0
2.092004644046388 0.2280681134109695 0
0.1640485550563276 0.07677983303224269 0
0.1767248333314642 0.06919385945917846 0
0.2091168902100555 0.281001438331092 0
0.1769750982330257 0.3324957065559476 0
0.5643597975199169 0.2264541733618842 0
0.5858417398485316 0.2473953577439062 0
0.5569648014391363 0.2555283336095246 0
0.08435854447959862 0.1005232003038437 0
0.2450894032153031 0.2743252764021504 0
0.1623415987990398 0.327398078963185 0
0.4033246017312167 0.1109562612365125 0
2.013473373937859 0.1152282285513084 0
2.042349942480983 0.1070953453495044 0
0.2116728627749977 0.2896109686938775 0
2.084609643233593 0.2571423969443372 0
0.127666464446468 0.256564231784584 0
0.2046422756411538 0.296844887969972 0
0.120607570682108 0.1712292114284167 0
0.2238219374576166 0.321995559857907 0
0.1916802581228852 0.3360548460922181 0
0.1627376116317245 0.2773539452123736 0
0.2295840723879856 0.3361227900913782 0
0.4315639838326599 0.1008462033438955 0
0.2350613804271106 0.27514184089665 0
0.378265241201881 0.2971469385232966 0
0.4091633687628825 0.2932297599222828 0
0.5784467292750355 0.2764696313432455 0
0.6073233854377963 0.2683367200495441 0
0.5495702483252003 0.2846024863595845 0
0.2536912669468109 0.3229726909050379 0
0.2123821769520086 0.1094619365439302 0
0.2029585144459619 0.1134505845171643 0
0.2110946645079178 0.1191362458720839 0
0.124910717279122 0.2463226289420007 0
0.1346569209855302 0.2492570609031888 0
0.1321055132313344 0.239581832860618 0
0.1223722828834044 0.1810922697245938 0
0.375281212407091 0.12007807337231 0
0.1150086057825841 0.187510546494896 0
0.3808916309194164 0.09203764674289827 0
0.3544413576035357 0.1028631801080819 0
0.1806230940926517 0.3506988414528183 0
2.113486211776724 0.2490095137425328 0
2.106091210963932 0.2780837972759036 0
0.2630468126754222 0.08853407171217953 0
0.2793186214845721 0.08456270356905946 0
0.2654844635838007 0.07133961640147764 0
0.2916087909167407 0.09465964752503758 0
0.2953917312630422 0.07586634897213389 0
0.1618678413434033 0.0606990519681152 0
0.1780197616311602 0.05222851656435817 0
0.2018983011674136 0.1231080756648622 0
0.2404701635973688 0.2660127631744549 0
0.2497189311084604 0.2653982839597476 0
0.5999283845779232 0.2974110035709385 0
0.6288049531342194 0.2892781204158992 0
0.5280875062264295 0.2636611592276009 0
0.5206934840351614 0.2927353817203132 0
0.4986478381850959 0.2716506654763924 0
0.4917230329423934 0.3008443707585629 0
0.4703355435161928 0.2799268523031841 0
0.4624315516396576 0.3072456071996919 0
0.4797825819457342 0.3263170113540212 0
0.6442983833327316 0.1229652915705644 0
0.6228168202685032 0.1020238992674652 0
0.6516933891126088 0.09389101657854877 0
0.5939402494247246 0.1101567790682886 0
0.6013352541550567 0.08108250171335742 0
0.5724586847937189 0.08921538400199741 0
2.063831510211319 0.1280367456810736 0
2.071263566378425 0.09909403067663379 0
2.09271425464683 0.1199257905674223 0
2.100147340129332 0.09098673024434112 0
2.050292184588294 0.07693660041648469 0
0.7228296597254139 0.2358051872340725 0
0.7443112274560862 0.2567465875662424 0
0.7154346588663275 0.264879470819213 0
1.609201414334063 0.2290885933763639 0
1.630682982064391 0.2500299937079427 0
1.601806413521262 0.2581628769097346 0
1.623287981251589 0.2791042772413093 0
1.652164549794718 0.270971394039521 0
1.501793575682439 0.1243815917184614 0
1.480312007952113 0.1034401913868819 0
1.509188576495243 0.09530730818509538 0
1.451435439408983 0.1115730745886687 0
1.206336324146415 0.1266204563380429 0
1.184854756416087 0.1056790560064671 0
1.213731324959214 0.09754617280467365 0
1.421855436157766 0.227870208722141 0
1.443337003888093 0.248811609053718 0
1.414460435344963 0.2569444922555099 0
1.435942003075291 0.2778858925870855 0
1.464818571618421 0.2697530093852948 0
1.407065434532164 0.2860187757888779 0
1.385583866801834 0.2650773754573024 0
0.7731877959993316 0.2486137043646517 0
0.7657927951866064 0.2776879878981539 0
0.7946693637298038 0.269555104696481 0
1.126398184621754 0.2301090733417308 0
1.147879752352081 0.2510504736733071 0
1.119003183808951 0.2591833568750968 0
1.140484751539278 0.2801247572066742 0
1.169361320082406 0.2719918740048853 0
1.12710161932983 0.1219448224100509 0
1.105620051599502 0.101003422078475 0
1.134496620142631 0.09287053887668306 0
0.7235330943994139 0.1276409362436895 0
0.7020515266912253 0.1066995359503442 0
0.7309280952390359 0.09856665275652379 0
0.8598175016288664 0.224215054759534 0
0.8812990693591924 0.2451564550911119 0
0.9101756379023219 0.2370235718893225 0
0.9027806370895184 0.2660978554226902 0
0.9316572056326478 0.2579649722209006 0
0.8739040685463888 0.2742307386244805 0
0.9242622048198446 0.2870392557542683 0
0.9531387733629736 0.2789063725524785 0
0.8605209363369444 0.1160508038278438 0
0.8390393686066235 0.09510940349627352 0
0.867915937149753 0.08697652029448549 0
0.8101628000634916 0.103242286698059 0
0.9397556411535342 0.1207264377558522 0
1.047163479805167 0.2254334394137375 0
1.068645047535494 0.2463748397453141 0
1.039768478992366 0.2545077229471057 0
1.061541095416416 0.2767857359086642 0
1.032421986295184 0.2838047752521389 0
1.010899995135173 0.2626777342775082 0
1.003506341770025 0.2917582058323122 0
1.076743483056374 0.1091363052802667 0
1.084138483869175 0.08006202174689893 0
1.055261915326046 0.08819490494868965 0
1.689139553858737 0.1255999763726885 0
1.667668526357878 0.1046960001195172 0
1.696506560881586 0.09653007667515537 0
1.638783174290194 0.1127976965892976 0
0.9182740734232084 0.09978503742427548 0
0.9471506419663371 0.09165215422248479 0
1.905362100578159 0.1186854778251127 0
1.883880532847834 0.09774407749353568 0
1.855003964304706 0.1058769606953247 0
1.912757101390955 0.08961119429175564 0
0.1934769942864908 0.1175716897618862 0
1.86239896511751 0.07680267716195771 0
1.833522396574379 0.08493556036374578 0
2.120881212589511 0.2199352302091633 0
1.112491643765743 0.2895589106531076 0
1.594352824358695 0.2870291369837848 0
1.572920080253173 0.2662610895349751 0
1.565464863636446 0.2951215711796011 0
1.544039985559365 0.2743814528063402 0
2.07715080792267 0.2859900300740532 0
1.458878019691006 0.08266772644635449 0
1.429961801590195 0.09065983015559595 0
0.1191129164083059 0.1613393569323021 0
0.1280975845411046 0.1645303048807378 0
0.126860814556862 0.1549199960939224 0
0.1362327658653065 0.158408585777018 0
0.4155070901109064 0.2643299770877469 0
1.646121116605531 0.08383151941273982 0
1.617290925673684 0.0918701557529182 0
0.348060841658582 0.2983720415303078 0
0.3679430868019152 0.3230226243286972 0
0.3394060352267208 0.325268903244617 0
1.436888098970762 0.06063787604134682 0
0.7091460074025094 0.07793352422963561 0
0.2301005053725613 0.2837724459834013 0
0.1926592268903349 0.1270845979676236 0
0.1849029232478598 0.1217236517687307 0
0.1242335245503268 0.1908894796516155 0
0.3095349887603973 0.09025461384980626 0
0.3157479756914864 0.07108257405993011 0
0.8178110055103562 0.07506703008902205 0
0.7887520714802785 0.08255240743672562 0
0.2141320689726241 0.2994021335765821 0
0.2073742859313923 0.306726723688324 0
1.161836213697958 0.3006042054403045 0
1.190718889559629 0.2923658217791573 0
1.198217222250018 0.2637644153768786 0
1.219723137164907 0.2846615446943861 0
0.1725370226908333 0.2610657461490821 0
0.1639424510650304 0.2562795259697151 0
1.408555877880865 0.07010642857575254 0
0.1345027162085194 0.1487233152519572 0
0.1436530348332737 0.1519509051183972 0
2.121079685990563 0.1116702516109411 0
2.128389497270118 0.08257552545179286 0
2.114106515582344 0.1408321295477706 0
1.644619599081739 0.2995132663156493 0
1.673471175974839 0.2912916479043234 0
1.681011961412815 0.2627349864266043 0
1.702488669655632 0.2836591326896618 0
0.4546484340850721 0.1209122497816968 0
0.4597473596329952 0.09081138721944272 0
0.437253030465135 0.07229729937759796 0
0.3584211780927613 0.07496125006411504 0
1.192451456732238 0.07732092557516337 0
1.221511151993656 0.06934544368696846 0
1.24267203120595 0.08955888200549159 0
1.250224680655532 0.06055078062401259 0
1.271529289194508 0.08134286733554834 0
0.2255947903039815 0.2759474493964547 0
0.14213485378026 0.1426093028041382 0
0.06845128550466617 0.1127980099863327 0
0.06590572416572911 0.09283668806178585 0
0.08529862768347116 0.08009194272286435 0
1.06355287960115 0.05934850839057188 0
0.636199954022971 0.2602038368617869 0
0.6576815217102209 0.2811452372386097 0
1.401092553776205 0.09883860921699773 0
1.379771254034797 0.0784695726429097 0
1.22711162624092 0.2556872039568885 0
1.248596076519576 0.276656711644941 0
1.24051643789224 0.305497489939539 0
0.9605337741757778 0.2498320890191108 0
1.826127395761576 0.1140098438971142 0
1.80464582803125 0.09306844356553549 0
1.709907157991382 0.2546682438208164 0
1.731391830394279 0.2756206675850637 0
1.723761230411556 0.3038584340543091 0
1.752774514010685 0.2954258931502098 0
1.760256867729774 0.2673159955105177 0
1.781908063143888 0.2880527898221476 0
1.789174344503311 0.2592811108088922 0
1.810662730272032 0.28023884422384 0
1.818028960240698 0.2512483783621829 0
1.839515323111709 0.2721758090818163 0
1.269716151218623 0.2972158765918689 0
1.277412361810436 0.268467320071004 0
1.299202130462948 0.2890728452426232 0
1.306380451595052 0.2603233274492796 0
1.327877272865628 0.281262876210867 0
1.319889477969431 0.3096852020040222 0
1.335232348960339 0.2522553651531882 0
2.145485911285658 0.2404440937556193 0
0.7374787806543239 0.07066912680020514 0
1.378789873359196 0.2935351490952401 0
1.399833240570389 0.3133686765788025 0
1.802376835320093 0.3088129464093906 0
0.1929990825441265 0.06276000042416882 0
2.143134567087863 0.1333456556211724 0
2.134697314053889 0.1616429367045497 0
1.034511330803727 0.06790886514941752 0
1.026507177317585 0.09643701490586483 0
1.004731607178359 0.07590331142803086 0
1.625035091020712 0.06440969393761026 0
1.59592677240784 0.07137347124137829 0
1.588439875662153 0.1000637603636449 0
1.567015831941685 0.07932162369498452 0
0.1507900089011132 0.1455060788739943 0
0.1490763948179309 0.1357420168558528 0
0.1590034400320551 0.1392678964806136 0
1.458297513107071 0.2979308079442186 0
1.486445796398987 0.2905449955544658 0
1.49371941633659 0.2615952238231061 0
1.480008736711099 0.3167613554985694 0
0.9260258039049862 0.0719773562116296 0
0.9556056234501942 0.06276419478068289 0
0.5802032084927907 0.06138211277025113 0
0.5505117946708358 0.06931019444769924 0
0.5430910837308227 0.09741580586458505 0
0.5185403138762703 0.07467086468190484 0
0.1328627309567305 0.1837761228700899 0
0.1939937169758037 0.04366405790053094 0
0.1160043608714277 0.1970066300380629 0
0.1254933279243003 0.2001271519371995 0
0.1625319183587381 0.04240256801025191 0
0.3840845385822216 0.06503419974344457 0
0.7872743629170003 0.2986293882298484 0
0.8166110479678276 0.2900245201670923 0
0.823622618357549 0.2613435573511972 0
0.7579870649791325 0.306404281844363 0
0.2017776471542076 0.3258590119033897 0
0.2067046650175105 0.3393399237915123 0
0.07488871649717782 0.1396724965298594 0
0.06263257305160982 0.148731536388544 0
0.06673912662501361 0.1636762367262133 0
1.810931113745042 0.06513249938308649 0
1.782979307784422 0.07231676645911046 0
1.775738434068704 0.1012329473048496 0
1.754251728768476 0.08029681706285763 0
1.789276617929422 0.04566707797716577 0
0.5417468408566479 0.3121557896819068 0
0.1415356683817828 0.2422790844462865 0
0.1445205246780117 0.2509092812198486 0
0.1390413553344593 0.2326023260507281 0
0.1285098438646686 0.2298297322069939 0
0.2564606425831304 0.2169948845261612 0
0.261095568469514 0.2271096113250864 0
0.2660495087644665 0.2184175481529676 0
0.2712884519291446 0.2268877214572896 0
0.2760175962695828 0.2180759545566235 0
0.2662534814158635 0.2358858282817089 0
0.2765393118365915 0.2354257553784868 0
0.2715195217950734 0.2443984194273536 0
0.2624668647976079 0.2438579085951423 0
0.2818813706376345 0.2438975213993649 0
0.2866024844090315 0.2350666475166801 0
0.2769830719018234 0.2529676803215718 0
0.2712652312261165 0.2097619869755236 0
0.280817069743883 0.2092845168576648 0
0.2756597721570265 0.2007516492895956 0
0.2855107228902928 0.2004480465138606 0
0.2907483195743732 0.2089115839659703 0
0.2802259818485907 0.1919537328554385 0
0.2901830586769468 0.191630314778917 0
0.2849078168727637 0.1831380131180924 0
0.2749142453381958 0.1834660369985534 0
0.279558657013659 0.1746866032508516 0
0.269616430529912 0.1749818446468613 0
0.2740713362074104 0.1663223057300038 0
0.2949007209597054 0.1827121393744221 0
0.2642979091835892 0.1665127549352311 0
0.2688130285032775 0.1578161353324381 0
0.2923621296824102 0.2439584013180076 0
0.2968885621356449 0.2347675789986315 0
0.2913667151315242 0.2261226728452425 0
0.3015416444221232 0.2258059113407342 0
0.2593115122146851 0.1578375577279647 0
0.3207897861475567 0.228874973303778 0
0.2634336304227306 0.1494561495417106 0
0.2545877705446822 0.1492843813055753 0
0.3000276843989106 0.191196814212328 0
0.3244958173064671 0.2135386260565525 0
0.2600384873223774 0.1750502142993353 0
0.3043474395601908 0.1824855155149917 0
0.2977753358802275 0.1743544316464148 0
0.2737701824480816 0.1488445987890079 0
0.2180630542555855 0.1434343344729563 0
0.2276598319737757 0.138626215836877 0
0.2363759952183648 0.1436539374108914 0
0.2359027931835285 0.133493269142999 0
0.2278692433313198 0.1290943003353443 0
0.2441794120745291 0.1380964593628272 0
0.213488129994353 0.134415024903716 0
0.2052192021010769 0.259665131892349 0
0.213004397313395 0.265641232399095 0
0.1426200475799937 0.2063331605112335 0
0.1341668301133046 0.2139953416982259 0
0.1952768809564294 0.1423959184325465 0
0.1550926670621509 0.1633303745471826 0
0.2457900203657903 0.238480898246107 0
0.2454923240617133 0.2501601066151223 0
0.2274578085042553 0.2513699466763917 0
0.2267273652884672 0.2599312805793009 0
0.1721881065086699 0.1475430119536914 0
0.1759886290307148 0.1358711212128527 0
0.2781631784878136 0.2703187274962189 0
0.09001820867832762 0.2715744259351456 0
0.07425891935887313 0.2658936977485438 0
0.07752863453103913 0.2836121305356823 0
0.05700922784649761 0.2762409177997291 0
0.06438230487823021 0.2971621805834375 0
0.08328538527345455 0.302758500898217 0
0.07043477154281214 0.3182495142577262 0
0.09214613595056409 0.323481127078175 0
0.07155894367127931 0.2505211567333254 0
1.606542858819733 0.04617086331993973 0
0.1256116483816348 0.1452284032812254 0
0.197792304658808 0.3041117794823864 0
0.1417659816682134 0.04937912593336096 0
1.537737659117691 0.3022720041126207 0
1.557761473263522 0.3198246041389642 0
0.3087972103726311 0.3781035844934251 0
0.2886092868458777 0.3550288144250474 0
0.1431456084377107 0.1253054305924073 0
0.2573167121415759 0.2054274055553961 0
0.2080216093786438 0.05435666697849256 0
2.099801293940785 0.3056836721876686 0
2.127190119947561 0.2990852399588544 0
2.121477739426091 0.326653770278481 0
1.053064978730373 0.3078382568945887 0
0.6084784602556703 0.05340515379487753 0
0.2998559357253143 0.05101140744254538 0
0.3264522777684351 0.04775141425956653 0
0.3251675249666862 0.3063610836190142 0
0.3133165108868335 0.3274858646147886 0
0.1314480038369954 0.2653172597601599 0
1.412936798518786 0.04171093270524968 0
0.02830473954438188 0.2793889832359193 0
0.3499769102500352 0.1278523343319952 0
0.3326290670550081 0.1131595003816092 0
0.3691502732092272 0.1476351674498697 0
0.1737764757253228 0.1070786985240176 0
0.1633621039188193 0.1126371252568585 0
0.1628177649412708 0.1230591882865256 0
0.1738280625068196 0.1187959135294318 0
0.07477827802720366 0.3409357700619579 0
0.1006257455635371 0.3444039544688172 0
0.1152282643976288 0.3257179351225329 0
0.1242394030566146 0.3480380750539788 0
0.1058550954306622 0.3829763302273902 0
0.1383832271491441 0.3315437029565048 0
0.145653028950253 0.3517366299370595 0
0.05138988279085081 0.3340088636313936 0
0.1693445087399531 0.3842337302458815 0
0.2355952195405311 0.3799410467861862 0
0.2506529245432382 0.3610547875348328 0
2.107057364502194 0.05661973649752271 0
0.1099033692244926 0.2203536218575264 0
0.11749564080143 0.212486542368544 0
0.1439639163465604 0.1831667727089589 0
0.1380103205185452 0.175970339815797 0
0.06397304179751262 0.065557321507262 0
0.08889852951269001 0.05395519604121221 0
0.1070663402462193 0.06929890265539208 0
0.2437829912592548 0.1287739647968642 0
0.2529327863501617 0.1330512692174963 0
2.164105223334545 0.1534833108568087 0
0.2219327442983768 0.1145814188781756 0
0.4653849821903597 0.06218437482316993 0
0.1613465838286519 0.2448402652205994 0
0.23879400710359 0.1553864652502895 0
0.2187109216963377 0.3098690459102398 0
0.4399734897924965 0.2868235586942142 0
0.4315336919311248 0.3135378662648222 0
0.4452710831157766 0.2565070693135897 0
0.3988531806795773 0.3188593293268006 0
0.4733436212774921 0.3712390035232729 0
0.2251994738024788 0.3013055723931363 0
0.099667011596248 0.02655736574551011 0
0.6498806980101653 0.3103102164127564 0
0.678736657541964 0.3020104946595938 0
0.6709300979510322 0.3306490373332703 0
0.9471706240690176 0.3094115873965403 0
0.9167157690036007 0.3144244514231615 0
0.02494791801077 0.128152704202591 0
0.2184161222884896 0.3652963907305731 0
0.4829833581090416 0.111258836919467 0
0.03736914889320647 0.05196916001467571 0
0.1838447849034404 0.1316675331597366 0
0.5220410806815319 0.3664484608627774 0
0.1298006687073794 0.3117539152934782 0
0.2503238566373316 0.02475804435194486 0
0.2403810015634565 0.0455831531613156 0
0.2616468244495512 0.04654782871361677 0
0.1153947892120554 0.2410249016022877 0
0.2364285400331146 0.2564513844205623 0
1.094159535328052 0.04828763955139553 0
0.1204052637445181 0.2233014775675457 0
0.3278823707092991 0.3510149229002715 0
2.141669443291968 0.05124319776924467 0
0.02486276725646884 0.2211510820988377 0
0.04740636170514346 0.2332456942258113 0
0.0463904712757953 0.2121630770157611 0
0.02518399680455454 0.183911244371457 0
0.06340563433370029 0.2187114263574058 0
0.04586506665603898 0.2567565686032835 0
0.1526800102435255 0.2746988111242581 0
0.1503062440249036 0.2658027375019881 0
0.1596417862248156 0.2687097241072104 0
2.149603417646231 0.2072066243407391 0
2.157856216653478 0.07456381254229151 0
0.1486300533236082 0.2274578085042553 0
0.3007554599792662 0.2537145066990029 0
0.1062926137024886 0.1992366511770846 0
0.1040984852427356 0.09263131380662694 0
0.2842526736705354 0.1518864834964065 0
0.3080008698664499 0.2341491784464837 0
0.271636823573513 0.2620234303003831 0
0.2613100551868164 0.263256821917538 0
0.5812040133587015 0.02984818204905855 0
0.4061464121790671 0.2160259599808518 0
0.3322956199349085 0.08891631868415531 0
0.2562860297710048 0.2368914730731942 0
0.1545800757508048 0.2524596350843598 0
0.6202461756384212 0.3180575448970699 0
0.6120376879253973 0.344486459631149 0
0.2566120120054254 0.2727490570942416 0
0.2535963639749107 0.2564441374649367 0
0.1045156832568691 0.185429969625331 0
0.1452007962849329 0.1615109441680992 0
0.4490055474498661 0.1508546587821493 0
0.1939651220615315 0.1073092862702479 0
0.172689487645911 0.2799782801439625 0
0.04208935795520235 0.1741631001276978 0
0.475008243100595 0.2500174145817344 0
2.148547329145379 0.3184471447424198 0
2.142986605450409 0.3482176634776534 0
2.112782777068687 0.35717376467421 0
2.173305375273288 0.3676427251032974 0
0.1703228097166798 0.1289266947932642 0
1.070051916951649 0.0300463378819548 0
0.2645617247631563 0.2529815802536048 0
0.2879617192014052 0.2556726259852861 0
0.4617048766646397 0.3484727900283998 0
0.2812895737941168 0.2265463824697709 0
0.4774766203193654 0.142146932113911 0
0.5125430973692882 0.1043473772523266 0
0.5139124665022947 0.2135702918539283 0
0.4883341619121607 0.08148777864124428 0
0.4933708843916881 0.05369751963534609 0
0.52425695640764 0.04486276371544552 0
0.5428615294048902 0.2054966443277884 0
0.2701559374587245 0.1923818030040924 0
0.5357441271034589 0.1262433853785904 0
0.2889548006346617 0.1745935322173501 0
0.6864870183140606 0.2729996635441975 0
0.7077574418151242 0.293684080003575 0
0.6435949547806594 0.2311295531202783 0
0.2649090254160089 0.1838917093400149 0
0.5865449819037744 0.139230579570801 0
0.6650646772148578 0.2520688385011658 0
0.6221133697210393 0.2101881228845381 0
0.6805198720659293 0.08580951389126427 0
0.6883909437195977 0.05507850067281144 0
0.6147183796202826 0.2392624354162025 0
0.659770398051022 0.0639541836885746 0
0.2552037552844924 0.1659434933338599 0
0.6657799528100986 0.1439066948916378 0
0.5705752675065201 0.3038519324616604 0
2.127116732440234 0.1898239549290048 0
1.84690632797394 0.2431131668917378 0
1.868388028902616 0.2640541791785511 0
1.86143671729523 0.2926732869811377 0
1.889942923241529 0.2849215277639649 0
1.89727619695487 0.255910764894701 0
1.91875969793671 0.2768504100459419 0
1.926141404859209 0.2477899034718679 0
1.947624407398717 0.268729824721266 0
1.940934343883042 0.2970809864287627 0
1.969221727299904 0.2895525078810388 0
1.97651853059166 0.260578958456654 0
1.998003024096958 0.2815173616111299 0
1.881770188261869 0.3130896586083584 0
1.961192318203604 0.3173775825703821 0
1.904660949729484 0.2268473165881455 0
2.005376814684282 0.2524648379201203 0
2.026860666607323 0.2734038950088384 0
2.020417534189205 0.3015017574087438 0
2.012770251940995 0.2233921586336234 0
2.048423631848957 0.2939209785733 0
2.040752498001976 0.3223500000049432 0
1.767671323530751 0.2383901445639902 0
1.551446316737552 0.245347398803461 0
0.6731666082985688 0.1148409786990909 0
1.372232529470775 0.1070175185396187 0
1.350753719113403 0.08608378922817321 0
1.360798671522654 0.0524132815997212 0
1.329237599131753 0.06501463999749088 0
1.321848357027494 0.09411021501404571 0
1.336632599944563 0.03594035646412504 0
1.300530242730555 0.0737452874239453 0
2.055737388679318 0.2651653628379843 0
0.6939392715657858 0.2439356028012332 0
2.133707606122238 0.2704302432069017 0
0.6305823381494164 0.07409964867678372 0
1.42256273429122 0.119722992399894 0
0.9759001600444579 0.2990262051407858 0
1.235223582306812 0.1185118385366853 0
1.205628973221128 0.2347624607579545 0
1.875784855216217 0.2349791612675689 0
1.659554691120014 0.2418798564376331 0
1.313750480805012 0.2313121401202091 0
1.8831779384312 0.2059073512819446 0
1.839314697625909 0.05182011562318557 0
1.873194140599589 0.04852114318301937 0
1.393686631314592 0.127856797135653 0
1.343336183688975 0.1150751769059874 0
1.314450560230843 0.1231742311520282 0
1.912293575964733 0.309776077079771 0
1.28486567044413 0.2394466476079427 0
1.176752223796421 0.2428981201485189 0
1.933535810266244 0.2187162392574753 0
1.95502088779313 0.2396540418242058 0
1.227819673479621 0.1475659009030253 0
1.264109403644324 0.1103934097240419 0
1.392978867614635 0.2360030919239311 0
1.587719846603735 0.2081471930447835 0
1.818732394948773 0.143084127430482 0
1.797245689648544 0.1221479971884909 0
1.825424094251849 0.2221737067840275 0
2.056436509398523 0.1571110292144498 0
2.085300252106645 0.148979611816821 0
1.335931661963864 0.1441139202510442 0
1.444041082500404 0.1406501972236096 0
1.400373868427438 0.2069288083905631 0
0.7812980380447803 0.111417090078049 0
0.8467868215435888 0.06728653445749121 0
0.8757937191149703 0.05961639675740691 0
0.9390522064454513 0.228890688687533 0
1.255980203253521 0.2475714413691429 0
1.580322891585065 0.2372145379859825 0
1.52996638276577 0.2244117992856116 0
1.487762518145672 0.07456299914307733 0
1.516592828871507 0.06626587319998872 0
1.495080535312341 0.04622971434955234 0
1.523947831735363 0.03899723827418481 0
1.545809430462928 0.05823397380538395 0
0.845116967101978 0.2822718469921931 0
0.8387446218708444 0.3091749652526235 0
0.8672282298613411 0.3013025897131612 0
0.8962346456128951 0.2937830385573079 0
0.967928774988581 0.2207578054857427 0
0.9894116901665644 0.2417053938387553 0
0.7369602315023067 0.2855526505750559 0
1.847608963491903 0.1349512442286933 0
0.8020771455566825 0.240467710472485 0
1.285574846485728 0.131304380912263 0
1.523275143412765 0.1453229920500398 0
1.530670144225568 0.1162487085166758 0
0.917570638715125 0.2079492883559547 0
1.472217618460394 0.2406745754585261 0
0.7013457886028254 0.2148633754183806 0
0.8524297093222118 0.2532819438488516 0
1.018288483284303 0.2335735419738697 0
0.8027697670045479 0.1323235569274318 0
0.5111331547322272 0.3209837791666103 0
0.7450146621393499 0.1485823365917949 0
1.148583187060158 0.1428862227416268 0
1.292262785708611 0.2103847990106056 0
0.7805849269805878 0.2195372357152144 0
0.9612372088838603 0.1416678380874294 0
0.8383359338985223 0.2032736544279267 0
1.349186113947972 0.3017388385872452 0
0.9822317891091619 0.2706510001101584 0
0.9955344976187275 0.3202334964448083 0
1.024978477366759 0.312656290013849 0
1.071118340830578 0.3319654968073292 0
1.08447790661536 0.3044101993901533 0
0.8309570456865378 0.2323314097482858 0
0.9975003880165293 0.1045650297463569 0
0.7524116307199271 0.1195150397784148 0
1.184151321708012 0.2138433069381487 0
1.155978187872958 0.1138119392082592 0
0.759678046790198 0.0906799671474713 0
0.7671291216076637 0.05636708045137995 0
1.738788187262813 0.2465208094139602 0
1.71731268769378 0.2256313441025802 0
1.710621121589061 0.1465413767042681 0
1.047887219602357 0.1172873929412888 0
0.8820025040672717 0.1369922041594245 0
1.069351866425091 0.1382136228901727 0
1.34262073134118 0.2231945747941405 0
1.234506529714262 0.2266380018701758 0
1.581031046224079 0.1290706953548935 0
1.104916616891425 0.2091676730101552 0
2.020868374750648 0.08615394501793409 0
1.991991806207522 0.09428682821974385 0
1.999308916706454 0.0646041354831926 0
1.970497256758209 0.07324402635431804 0
1.974610634210314 0.04383419073929342 0
1.947316599623179 0.05227579481952505 0
2.028576704665683 0.05253482072448411 0
2.058595771730141 0.04860980323455367 0
1.718011456770205 0.1174678238102051 0
1.775065908040625 0.2093572915876063 0
1.631386709556629 0.1418667823339968 0
1.025682174078551 0.2044932423085508 0
1.760895812581851 0.051401833419755 0
1.731984812459069 0.058665161673458 0
1.70725126488792 0.03942679888413705 0
1.703687811138359 0.06721574377210202 0
1.679519192298824 0.04736625504069414 0
0.8893975048800773 0.1079179206260619 0
1.926843668308486 0.1396268781566897 0
1.018990345970117 0.1254020716838507 0
1.768368264843765 0.130281758738543 0
1.090613415536764 0.2690924998526433 0
1.113015052412304 0.07192913854510795 0
1.142185388764561 0.06483930564486549 0
1.609906929939348 0.1209446193954668 0
1.163455766571172 0.08503085624216083 0
1.832115527158204 0.3012640622271379 0
1.559562292507957 0.1081782202936274 0
1.356795295834412 0.27300092993826 0
1.097602749457114 0.2385379998394812 0
0.8969324241631133 0.07934043081219992 0
1.132897342021304 0.3095981799559575 0
1.154571318456795 0.3301404410716193 0
1.479609247582217 0.2116037505863263 0
1.991924768198859 0.3133852804892854 0
0.9686308113261189 0.1126109476197424 0
1.510141893357699 0.3129527172250649 0
1.99128842361799 0.2024510256765175 0
1.693606148722298 0.3118515686053311 0
1.714507413080118 0.3330199720948163 0
1.666953741505738 0.2128199512947016 0
1.725222510160447 0.08825163882714777 0
1.746848347457298 0.1093232465410137 0
1.688428559947863 0.2337373876422227 0
1.934238669121284 0.1105525946233309 0
0.9761735472099677 0.08365677088077063 0
0.9847117048691089 0.05374732777705213 0
1.892138562528493 0.06985407745779708 0
1.51577607657917 0.2825389394172223 0
1.430474487081659 0.3101118065815111 0
1.364118068406118 0.2440988381431958 0
1.170640744331938 0.05642586816230355 0
1.14479911896451 0.03156405546256299 0
1.293007116552242 0.1023450652603121 0
1.984596805394735 0.1233611117531076 0
0.904243009435426 0.05209199402543881 0
0.8777719808165042 0.02947606013391524 0
2.106423089361857 0.1697208154036298 0
1.538139850750815 0.08725928461595929 0
1.614584924846085 0.3082662622943238 0
1.635825217141974 0.3293515129841522 0
2.099144471980483 0.1987878760963649 0
1.7965511706484 0.2302805544339857 0
1.501094919272801 0.2325406918753471 0
1.522673849541874 0.253469251001848 0
1.963113074044573 0.1024028111658974 0
1.941345800523656 0.08143722200220566 0
1.919849521688432 0.06077831210957716 0
1.983897785264064 0.2315208308107206 0
0.5649078086280435 0.1182706822576041 0
0.5059627816307206 0.2424851099351591 0
0.5353581471205646 0.2345326187193142 0
0.1463855629515289 0.3175800327546741 0
0.1949923805695432 0.2943976953389729 0
1.278862501708473 0.05222352151739521 0
1.258369903414789 0.02887164986659817 0
0.06013283940963927 0.1309410844711418 0
0.1362458392407197 0.2228426287622343 0
2.125098131387938 0.02628184558252572 0
1.441436095258901 0.02644802766454544 0
0.9959298625286477 0.02538818133392677 0
0.3407874427639478 0.02384372947920227 0
0.7576256835401056 0.0257553154601056 0
0.6660061665363317 0.03071002490237159 0
0.6989918708744293 0.02678796418626517 0
0.9627778141746324 0.0301206880991815 0
0.4004808701271423 0.02384906219763449 0
0.4298860078998717 0.02438007121518861 0
0.8150254551411632 0.02575761747510158 0
0.2954458357722988 0.2000989636735375 0
0.3007640943237139 0.2085943604193331 0
0.2194897745397477 0.2845711383520777 0
0.2579224743584688 0.1243506372854087 0
0.1831161325661539 0.112090606669043 0
0.1800769046810594 0.2732614125165541 0
1.674636455403545 0.07579066098429063 0
1.212491205025948 0.3137036240098354 0
1.231211755159074 0.3340238819698385 0
0.235265026371337 0.1242596597046595 0
2.174670504638826 0.2486078464077093 0
0.3559492806708212 0.3494369807464241 0
0.305736274593826 0.1986294878983449 0
0.313061838861214 0.2073983409647981 0
0.2860446515869731 0.2177072217064411 0
0.2901030863283872 0.3059260475424964 0
0.2815513554215736 0.319710088361909 0
0.2495203819820258 0.06273223917983253 0
0.201308821184831 0.133076426881057 0
1.652802209947741 0.05573505737954292 0
0.1382652941723386 0.2573430996904073 0
2.175093044012025 0.3065565306075598 0
0.7977601402158139 0.05337247848493978 0
0.4085208374302181 0.08224428461098696 0
0.4128750711197463 0.05092458191714567 0
0.2960208772553485 0.217341326714707 0
0.2345265441995723 0.2925332008846233 0
0.1097883449113976 0.1577712714688637 0
0.248360157175798 0.08811550086225849 0
2.078843843962798 0.07067758978793547 0
1.228703138870337 0.04167898250403167 0
1.887839139916236 0.02452251569724981 0
0.2203589770302203 0.105720029382273 0
0.1703766633674476 0.2698945746017997 0
1.465761006170776 0.05248242899834294 0
0.2591584230739883 0.1404963714334312 0
1.5759629151713 0.05080643787021361 0
0.1033961740259931 0.3069555053038192 0
1.586264315099631 0.3148258438074685 0
0.2839511902896492 0.1660652097521338 0
0.7304782007105644 0.3139134953187884 0
0.750884510650487 0.3355061663668065 0
0.3019756984516737 0.1092223053336946 0
2.071860428113854 0.317503495755185 0
0.5917928111461599 0.3231869574225396 0
1.774761447681145 0.3161890366049299 0
1.790633375518154 0.3364526805571615 0
0.3387899990275424 0.2748692735465834 0
0.2003531123441196 0.356015012015798 0
0.3931226416569297 0.2450808569086095 0
0.4544591307626415 0.228815804599085 0
1.95077945351567 0.02420887845778331 0
0.2452209847354525 0.1477171885004149 0
0.4247844240917611 0.236469441066421 0
0.04689577205025217 0.1139472558821889 0
0.2660990214438431 0.2018111329700279 0
0.5347835075353071 0.3424897338200356 0
1.769699386898709 0.02393311921505008 0
0.1182002326460253 0.1509591419780399 0
0.1236679766508261 0.1352432374110426 0
0.1241048349438978 0.2374600446697854 0
2.174311110584784 0.04640535722920998 0
1.177174316291575 0.02593535404789948 0
2.174162343013835 0.2210620570479038 0
0.1548260515864119 0.1282380914332096 0
0.1165951523843361 0.04701619904630876 0
0.353349468466686 0.1643755285758055 0
0.1882317356147763 0.3018801930735494 0
0.7004674465520802 0.3222866741738645 0
0.6947200986377132 0.3451311020814278 0
0.6657730714684318 0.3629765215095075 0
0.7110321379652464 0.3724564018300918 0
0.4267489960493461 0.3407222636403345 0
0.2552634580832354 0.1832377928904737 0
0.1205571317229497 0.0826317917735865 0
0.1273042801231853 0.06635143849358921 0
0.1466238359884993 0.07213490612608844 0
2.037476047634471 0.02448223489148825 0
0.4930199896567127 0.02624533700366008 0
0.1612428957476709 0.313080463283301 0
0.2066342338420017 0.2713649659360025 0
0.04400685316341879 0.1422777888516217 0
0.3056598384933832 0.2169062100105212 0
0.2846710491107729 0.1078975935264608 0
0.7174977491056206 0.05005475071151558 0
0.3117143443824412 0.0254118373262699 0
1.291690462109094 0.3167243940917366 0
1.308682766644413 0.3370302724017296 0
0.3024248747783377 0.2428935977946885 0
0.6356368840486164 0.384055107849502 0
0.1929769236498108 0.02148549864834287 0
1.857993718777028 0.0230065704373885 0
1.182667253570063 0.3192358452821459 0
0.1296082828891045 0.1741049055605028 0
0.1864848992518718 0.07817435074990811 0
0.1328128306550742 0.193583867248212 0
0.3899047250546874 0.3485265956055072 0
0.1625154736365527 0.3029917182252687 0
1.015371388147581 0.04742615369510945 0
0.2189827996949437 0.1255828703494993 0
2.147381011544173 0.1028546506899486 0
0.2254870836821846 0.2910275702719636 0
1.664075481547204 0.3199752037750477 0
2.171956219076057 0.1250567632669159 0
0.2621021817437318 0.3028492953832668 0
0.2664149693548386 0.3159054351307914 0
0.2685194658917425 0.3313485249682708 0
0.1329564728829999 0.1394167411710757 0
0.7793496633771341 0.3263602377331017 0
0.7721575835420651 0.3564992493442738 0
0.7431928620878336 0.3634440154932861 0
0.8045685134192644 0.3740610885850075 0
0.8250476006094511 0.3572376675014817 0
0.1256036960295265 0.2162483132331426 0
0.02428616606665285 0.3476048267118234 0
0.4976911500951952 0.3502546178397524 0
1.389144872494853 0.05383539625195742 0
2.067526385110515 0.02373625295256304 0
0.2797701965782854 0.05912415738813082 0
1.308954137500591 0.04668025856612473 0
0.03049686071942952 0.3796747406373259 0
0.2807975626773186 0.2612269379967 0
0.2747240014954263 0.1398906751142852 0
1.620932306528313 0.02345401399249409 0
1.852043539702091 0.3199571247964199 0
1.872254406211244 0.3388688292722615 0
0.1022393539478114 0.2694306864508078 0
0.2547455850038663 0.09730389553380767 0
0.9087957175914553 0.02355374286178035 0
1.626348143944314 0.3597335894061713 0
1.653940132200749 0.3542515473109504 0
1.679177194721792 0.3744692556592206 0
1.711070734892027 0.3667222466634534 0
1.736290087694053 0.3535054413594795 0
1.767044716708671 0.3828148157086675 0
1.590605309673491 0.3815098507517085 0
1.551335590762435 0.3732839943943052 0
1.576321826644982 0.3567701324372602 0
1.514195894910189 0.3805107103434338 0
1.472210791259384 0.3710582447043259 0
1.498513672269421 0.3561102595922067 0
1.431566233218779 0.3811532028211901 0
1.39310732283186 0.3725114034569149 0
1.417349144363744 0.3564115523730867 0
1.389994457787151 0.342764042502181 0
1.352727901304316 0.3810468319244202 0
1.776786802048586 0.3575879630250345 0
1.80794467277716 0.3646345715403281 0
1.835304703117309 0.3816150825717223 0
0.8115166296935137 0.3167388793956235 0
0.1778827905076908 0.0360466301978707 0
0.1618916319229416 0.02045250986586962 0
0.3321057026514064 0.1332072699229707 0
0.3567008665007711 0.04824939091123386 0
0.2788583034826547 0.1582507799447435 0
1.108346312918789 0.3158074493124366 0
0.1116095516965568 0.1069257857701747 0
0.3828909075227095 0.2233696878902155 0
1.144817781121593 0.3602770370480656 0
1.17318955005013 0.3534164699692603 0
1.198651366944903 0.3743269479273632 0
1.113670227491143 0.3794454881406304 0
1.223822004114533 0.3636855753138188 0
1.24941596356397 0.3593650550834807 0
1.291318525363349 0.3816921107508532 0
0.0803717467503693 0.1665464003734302 0
1.295831153881621 0.3575012368021612 0
1.321681698727676 0.3649721824014658 0
0.6124720818982821 0.02370873490817009 0
0.08266541063577104 0.2422570640652802 0
0.06883243461270609 0.2341526104326598 0
0.07874941617076095 0.22070248762356 0
0.08699536729193891 0.1323569069911929 0
1.258421529754653 0.3255955661503055 0
0.0614825595065944 0.2047002644596734 0
0.04982620459196554 0.1907913907482046 0
2.152923070248518 0.2892727079630415 0
0.1411765281193833 0.3019796097162752 0
1.200557713910446 0.05104612051496443 0
0.2065669621097336 0.08100297338418368 0
0.306340360852951 0.3058605050879009 0
0.3141239957529043 0.2914193314857469 0
0.2967456080072096 0.3193610170525531 0
0.3696931623094291 0.3727232918497842 0
0.2916459474181862 0.1180181623104633 0
1.062518302127445 0.3613561713149273 0
1.095037620634575 0.3553598736267123 0
1.082321495338491 0.3789991321923397 0
1.034037503662501 0.3782500427223064 0
0.9858620964523672 0.3719107557220012 0
1.011499088557977 0.3501327235492516 0
0.9508951009368214 0.3798259638557129 0
0.9058551958358413 0.3719107557219959 0
0.9362221046335346 0.3545539763000036 0
0.8742370321743929 0.3803729350474231 0
0.8568209957464271 0.3541476567747901 0
0.1327857767821685 0.09294163756697034 0
0.1502351294850078 0.2444694943569742 0
0.3182702040342653 0.1405264235961525 0
0.3161689992045857 0.124602851304345 0
1.683240800366996 0.02148030554163887 0
0.2451412645551136 0.2588933351269648 0
0.1640748151785116 0.1462692905905779 0
0.8299643436468637 0.0487589912998892 0
0.1545529395676525 0.08457149505008714 0
0.3379235835976725 0.06619218959580017 0
0.1653901910520581 0.34316002814916 0
0.1672678474456379 0.3614831253109422 0
0.1402194742676816 0.1342179880235003 0
0.2337410876039303 0.06284264265681254 0
0.9809977999155439 0.3441770217349033 0
1.369298559066582 0.3204756781641924 0
0.858726911771851 0.3272078037803608 0
0.9065756205615585 0.3432678260636725 0
1.744010994488864 0.3214759529512299 0
1.503490934430775 0.0208650441836776 0
0.04422630460015924 0.0819522871104378 0
1.339508809427042 0.3332493630625546 0
1.589781657339478 0.02449564650762304 0
0.07409482403393136 0.186428865353801 0
0.1627887724494733 0.1315293721756241 0
0.210626820632721 0.3175253932478259 0
0.1995018919993816 0.314445180188233 0
0.345850153787718 0.1470445568309663 0
0.1311868704113056 0.2972612153224553 0
0.04570438755280348 0.2954352570892732 0
1.044991341228906 0.04022158930314541 0
0.4465442866963363 0.04579095656676987 0
0.2486137222990949 0.3397200166499457 0
1.860980013529313 0.3668635160718026 0
0.1339947181069405 0.2028096068991948 0
0.5210246660987308 0.01898072065929648 0
0.3386055202150665 0.1597650243422961 0
0.1063110488570544 0.2923057565275066 0
0.3277029985549267 0.2012737127561198 0
0.1168377856459435 0.3113493380081182 0
0.1196152695760429 0.2043262730575737 0
0.2429282532214417 0.1198252397620127 0
0.3100898271815608 0.2244960646371852 0
0.08494523162278812 0.3633324042522466 0
1.471359173388422 0.3437654953736487 0
0.02472726898758112 0.02424166721645204 0
0.1979385522792961 0.07496551185792391 0
2.155031836432562 0.17878336965507 0
1.937664913959443 0.3222391965716053 0
1.947414059522043 0.3430036665715472 0
1.927828351121635 0.3732357260880217 0
1.893103843024759 0.3604856972549684 0
1.98358291997212 0.3762556939288992 0
2.020838400879506 0.3747783982560083 0
0.2896863023464092 0.3362257976494156 0
0.1467629893746704 0.2356731879303446 0
0.2505935672769771 0.1736425041625188 0
0.2159718230620561 0.2751134829160041 0
1.357588744494543 0.02277068684992475 0
1.79916689718537 0.02166660728155216 0
1.976791745080891 0.01940473128866581 0
0.2311465080588538 0.2675649642183531 0
0.2497343792627744 0.1567842156296034 0
0.2216276400881605 0.2668829918208259 0
1.823017641519586 0.3337893628880594 0
0.2545619822365065 0.2471811775032622 0
0.8889344017179521 0.3200080162403412 0
1.122057999425214 0.04894706303505607 0
0.7419237245881037 0.04543234147545842 0
1.900448533011337 0.04590846185810717 0
0.05068584528745271 0.1594145159261314 0
0.0511581471038115 0.3119590964696056 0
0.13649454905366 0.1665716226700382 0
0.6370703834705352 0.04599970384415684 0
0.1525364565001138 0.1544356295630608 0
0.2093545433098918 0.1270637287342437 0
0.1337772925309422 0.07986684823031259 0
1.415517154789899 0.3326736139248026 0
1.957854704232115 0.3692806038628084 0
0.1572587619366076 0.260695647198481 0
0.2277291809166866 0.121112884154808 0
0.3071077600783116 0.3470137620826247 0
2.084084280998595 0.04696526686741466 0
1.833206550130271 0.3606265378989881 0
1.368730546311309 0.3590331291525488 0
1.446642913419298 0.3601023536636083 0
1.525115779838428 0.3591121980098619 0
1.548825406760511 0.3441322035650076 0
1.316777135846421 0.02167518609809712 0
1.895997593823781 0.3325714959502823 0
1.977595120947196 0.3461441888199424 0
0.8350128977127179 0.3353470147554569 0
0.2153567947906606 0.3314130172805513 0
2.181856767945605 0.07292684089678954 0
0.8401113662947916 0.3751638695817405 0
0.3293855752569628 0.2894869235709335 0
0.1910508886803521 0.3102380304735522 0
1.272464693203755 0.3651317664618477 0
0.2677001266735748 0.1426341533206783 0
0.1780077221127278 0.1267341462293017 0
1.456014870886961 0.3218562913972759 0
0.5616132096339358 0.3273621561132083 0
0.233747947858877 0.3549617427640351 0
0.3000190288789321 0.1658178738770614 0
0.5569211632651121 0.04583975111196625 0
0.1262847183392748 0.208387974855651 0
0.586356141594762 0.347952647861212 0
0.2531105393903568 0.07749641295084617 0
0.9337254960577014 0.04624292941862022 0
0.2715207019752311 0.3541319631905104 0
0.2089265923331785 0.03887884832403216 0
0.5807714855020797 0.3722547179477155 0
0.5491936575937649 0.3765702669417406 0
0.6069361951983677 0.3701742556319259 0
0.8842413119791357 0.3609195057751204 0
0.9619457974904452 0.3573852950833787 0
0.3084260282780338 0.1895526879686763 0
1.495612243448765 0.333827943075201 0
1.41189856935591 0.01777991169020569 0
0.1911158561559063 0.1352590181431036 0
2.017775430697123 0.3257005468566895 0
2.026573934548463 0.3489496216580675 0
2.055538234615152 0.3431984641277758 0
2.047679942307566 0.3713340117150382 0
0.07597403653302656 0.2093303045083723 0
1.091683951307064 0.02175899801403085 0
0.2212045982913858 0.1339205173461679 0
0.05899318875143274 0.2469227761829758 0
0.9342475139877338 0.3303402008759422 0
0.1084823555855846 0.1920913293777392 0
2.001447960417766 0.3590917701959793 0
0.02133170526061216 0.07057678412595766 0
2.178675422741882 0.02118724204255168 0
0.2632680158252426 0.2112623220262303 0
0.4966083760178426 0.3815884164451605 0
2.156943871792065 0.2632318373729222 0
0.2512158753557628 0.141729133963949 0
0.1515791788268122 0.3381980233524753 0
0.1668792635163355 0.137993817822039 0
1.233058843846307 0.01771413003503789 0
0.3878109898877899 0.3918096918312471 0
0.2073830690775407 0.06785529164150896 0
0.1179493044044115 0.1416879052211026 0
0.1839788033766025 0.3670028529702608 0
1.598621248670276 0.3594453003733796 0
0.9734679703349981 0.322518402497062 0
0.2504939749917819 0.1250106343328792 0
0.2188001254940748 0.3474736371288848 0
0.09161323605286577 0.2889400607132058 0
0.2799591104942934 0.1450711341382909 0
0.1790327231627295 0.2654301639734806 0
0.1418229413566111 0.2647427498748428 0
0.6322361967562109 0.3600382728423228 0
0.8563736050225477 0.045994381912668 0
1.118439524819195 0.3587808236374134 0
0.2558380064673735 0.3116977798211017 0
1.813147084112231 0.04159590303669027 0
1.757025404448785 0.3630971370503205 0
1.738277908009299 0.3752279281563842 0
0.418078220815284 0.3848756769396043 0
0.2863941650233771 0.2663681994748668 0
0.1097467204822277 0.3606050815987591 0
0.3183025080565143 0.103983543315101 0
1.634602868638601 0.0429527063337326 0
0.06001364321303106 0.1776049925046251 0
0.3132361337769402 0.1830499984772507 0
0.3080124699929584 0.1344399366872394 0
1.530857275868219 0.01624081436008762 0
0.1382366574166524 0.1882518741469694 0
0.1481833355672563 0.2583161875681375 0
1.535822847186862 0.325487336947982 0
1.709289737262722 0.01639728508439134 0
0.1125325793384169 0.2037778521601854 0
0.1509460033770428 0.368839248611838 0
0.06464984337397613 0.1929640719255059 0
1.037976740051466 0.3567864953954707 0
1.574076547237393 0.3350640825694157 0
0.07285078960378992 0.1745452948999272 0
0.2864096460272468 0.3751214572427209 0
0.1198418470392204 0.2315106145778943 0
0.2196040965354183 0.06406060043798144 0
2.098378553563094 0.3289724654387036 0
2.082586102979981 0.3722118002952244 0
1.051683458934269 0.01842524423394532 0
0.1495351973976386 0.0347418791501788 0
0.2183995068610581 0.2930148395688797 0
0.2604338365482934 0.1314892530008023 0
0.3858797256912712 0.0415682650671297 0
1.09434717764252 0.3311269563063361 0
0.3083911776013686 0.1748563197174784 0
2.179454106608176 0.1691493422705058 0
0.07445674196997315 0.1265628180328068 0
0.0530253229702444 0.3586584884404192 0
0.1292929570864568 0.3664049076625412 0
0.1578349988616748 0.1480476070018919 0
0.2275150708738312 0.07269029515681645 0
0.2916669981819525 0.167626754980054 0
0.3144569969782909 0.2167440500844089 0
0.4144343798053672 0.3631362230550289 0
0.06130313711199579 0.2599378509197986 0
0.370375557540978 0.2357612957991458 0
0.1656166066817403 0.2634279452097169 0
0.2222272749552345 0.04859134668087219 0
0.2277458761173661 0.1076393210591726 0
1.346561415788005 0.3574654152943187 0
0.1290637626244427 0.2223158972637432 0
0.03003586260924051 0.202820454933564 0
0.334629135098365 0.2101190922269354 0
0.1353985407274846 0.2720443044333726 0
2.146410942023559 0.3795866429042355 0
0.4740376591901252 0.04192103540363043 0
0.4524403396461004 0.3272591076974539 0
$EndNodes
$Elements
9 3416 1 3416
1 1 1 73
1 1 9 
2 9 10 
3 10 11 
4 11 12 
5 12 13 
6 13 14 
7 14 15 
8 15 16 
9 16 17 
10 17 18 
11 18 19 
12 19 20 
13 20 21 
14 21 22 
15 22 23 
16 23 24 
17 24 25 
18 25 26 
19 26 27 
20 27 28 
21 28 29 
22 29 30 
23 30 31 
24 31 32 
25 32 33 
26 33 34 
27 34 35 
28 35 36 
29 36 37 
30 37 38 
31 38 39 
32 39 40 
33 40 41 
34 41 42 
35 42 43 
36 43 44 
37 44 45 
38 45 46 
39 46 47 
40 47 48 
41 48 49 
42 49 50 
43 50 51 
44 51 52 
45 52 53 
46 53 54 
47 54 55 
48 55 56 
49 56 57 
50 57 58 
51 58 59 
52 59 60 
53 60 61 
54 61 62 
55 62 63 
56 63 64 
57 64 65 
58 65 66 
59 66 67 
60 67 68 
61 68 69 
62 69 70 
63 70 71 
64 71 72 
65 72 73 
66 73 74 
67 74 75 
68 75 76 
69 76 77 
70 77 78 
71 78 79 
72 79 80 
73 80 2 
1 2 1 14
74 2 81 
75 81 82 
76 82 83 
77 83 84 
78 84 85 
79 85 86 
80 86 87 
81 87 88 
82 88 89 
83 89 90 
84 90 91 
85 91 92 
86 92 93 
87 93 3 
1 3 1 34
88 3 94 
89 94 95 
90 95 96 
91 96 97 
92 97 98 
93 98 99 
94 99 100 
95 100 101 
96 101 102 
97 102 103 
98 103 104 
99 104 105 
100 105 106 
101 106 107 
102 107 108 
103 108 109 
104 109 110 
105 110 111 
106 111 112 
107 112 113 
108 113 114 
109 114 115 
110 115 116 
111 116 117 
112 117 118 
113 118 119 
114 119 120 
115 120 121 
116 121 122 
117 122 123 
118 123 124 
119 124 125 
120 125 126 
121 126 4 
1 4 1 12
122 4 127 
123 127 128 
124 128 129 
125 129 130 
126 130 131 
127 131 132 
128 132 133 
129 133 134 
130 134 135 
131 135 136 
132 136 137 
133 137 1 
1 5 1 8
134 5 138 
135 138 139 
136 139 140 
137 140 141 
138 141 142 
139 142 143 
140 143 144 
141 144 6 
1 6 1 8
142 6 145 
143 145 146 
144 146 147 
145 147 148 
146 148 149 
147 149 150 
148 150 151 
149 151 7 
1 7 1 8
150 7 152 
151 152 153 
152 153 154 
153 154 155 
154 155 156 
155 156 157 
156 157 158 
157 158 8 
1 8 1 8
158 8 159 
159 159 160 
160 160 161 
161 161 162 
162 162 163 
163 163 164 
164 164 165 
165 165 5 
2 1 2 3251
166 225 1201 1294 
167 973 206 1290 
168 244 910 1381 
169 201 115 1656 
170 1027 1016 1362 
171 825 940 1365 
172 622 619 1419 
173 940 553 1365 
174 214 970 1640 
175 185 1217 1279 
176 1620 1619 1679 
177 926 954 1022 
178 919 1012 1558 
179 1442 1443 1444 
180 1439 1440 1441 
181 1436 1437 1438 
182 1191 1192 1491 
183 1192 235 1491 
184 1080 1082 1295 
185 743 961 1305 
186 45 46 1264 
187 619 620 1419 
188 244 181 910 
189 205 948 1419 
190 195 26 1036 
191 979 226 995 
192 194 45 1264 
193 115 201 993 
194 180 756 986 
195 171 905 987 
196 993 201 1060 
197 304 553 940 
198 1371 1390 1649 
199 1214 168 1218 
200 1016 229 1362 
201 527 582 1043 
202 1217 185 1352 
203 1492 1493 1494 
204 1489 1490 1491 
205 1295 1082 1570 
206 236 1271 1272 
207 1032 509 1455 
208 168 1214 1216 
209 1619 231 1679 
210 509 1340 1455 
211 104 105 1465 
212 530 994 1327 
213 903 172 909 
214 242 181 243 
215 593 848 1349 
216 159 172 903 
217 862 138 941 
218 145 181 242 
219 140 169 916 
220 154 176 915 
221 147 180 986 
222 161 171 987 
223 599 989 990 
224 1201 225 1323 
225 916 1039 1562 
226 1311 809 1364 
227 1069 166 1075 
228 1010 620 1318 
229 178 1028 1289 
230 1048 717 1305 
231 971 214 1002 
232 966 227 1540 
233 1493 109 1495 
234 1490 108 1492 
235 360 354 957 
236 238 1434 1515 
237 1194 700 1233 
238 236 1272 1430 
239 957 354 1367 
240 1434 1251 1515 
241 564 1284 1478 
242 1313 364 1314 
243 1046 176 1569 
244 357 1343 1500 
245 176 977 1569 
246 115 993 1631 
247 1162 189 1163 
248 97 98 1449 
249 1314 364 1535 
250 1028 860 1289 
251 1067 1066 1379 
252 1012 626 1558 
253 739 1291 1335 
254 1067 1379 1532 
255 592 595 1589 
256 1016 973 1290 
257 1297 832 1605 
258 235 946 1193 
259 599 733 989 
260 98 99 1435 
261 121 214 971 
262 948 205 1386 
263 599 990 992 
264 214 122 970 
265 553 306 959 
266 961 958 1305 
267 50 192 1287 
268 917 916 1562 
269 809 1026 1364 
270 1397 1373 1695 
271 1284 1007 1478 
272 873 871 1059 
273 1472 1021 1621 
274 174 921 1005 
275 1488 107 1489 
276 836 1065 1066 
277 177 912 1531 
278 916 169 1039 
279 815 1401 1404 
280 915 176 1046 
281 540 592 988 
282 553 959 960 
283 919 918 1012 
284 1258 832 1297 
285 1381 911 1554 
286 163 170 1553 
287 976 837 977 
288 1396 177 1531 
289 837 976 1665 
290 113 114 1609 
291 940 825 1509 
292 1549 1575 1587 
293 871 889 1059 
294 779 1355 1517 
295 836 1066 1067 
296 964 1338 1536 
297 92 93 1055 
298 954 210 1022 
299 737 598 992 
300 26 27 1036 
301 1189 1512 1518 
302 989 733 991 
303 293 296 1328 
304 191 1113 1555 
305 125 227 966 
306 946 235 1192 
307 359 894 898 
308 1512 219 1518 
309 100 101 1436 
310 102 103 1442 
311 103 104 1446 
312 101 102 1439 
313 270 271 1011 
314 607 270 1011 
315 862 941 1630 
316 1529 1407 1606 
317 1238 1425 1561 
318 1448 1561 1580 
319 202 938 1015 
320 521 527 1043 
321 647 1212 1218 
322 199 36 1268 
323 1328 296 1359 
324 170 1083 1553 
325 863 867 1039 
326 278 550 974 
327 1327 994 1402 
328 1113 191 1417 
329 1182 1357 1416 
330 1500 1343 1659 
331 202 118 938 
332 226 10 995 
333 1005 921 1596 
334 988 592 1522 
335 1425 220 1561 
336 615 593 1349 
337 961 743 1596 
338 130 210 954 
339 935 208 1681 
340 211 134 1001 
341 618 1329 1604 
342 1010 205 1419 
343 49 50 1287 
344 312 581 1031 
345 992 1373 1397 
346 95 1620 1679 
347 208 935 1366 
348 1035 627 1044 
349 310 315 958 
350 980 979 1366 
351 1357 207 1609 
352 911 182 1560 
353 182 919 1560 
354 106 107 1462 
355 909 172 1319 
356 993 1060 1416 
357 1060 636 1416 
358 582 627 1043 
359 174 1005 1616 
360 1401 224 1404 
361 869 873 1058 
362 1058 1044 1562 
363 221 1243 1244 
364 112 1371 1372 
365 974 550 975 
366 978 226 979 
367 231 1054 1679 
368 954 926 1526 
369 530 540 994 
370 1018 1019 1021 
371 921 1056 1596 
372 603 1407 1529 
373 1459 106 1462 
374 1006 1357 1609 
375 721 1194 1233 
376 598 599 992 
377 1130 186 1392 
378 1366 935 1376 
379 962 1540 1689 
380 359 363 894 
381 1075 166 1374 
382 1212 1214 1218 
383 987 1353 1559 
384 620 1010 1419 
385 114 115 1631 
386 217 1250 1251 
387 358 353 1458 
388 188 1228 1320 
389 1549 1587 1627 
390 111 1372 1411 
391 518 521 523 
392 209 971 972 
393 540 988 994 
394 241 996 998 
395 210 1017 1018 
396 281 923 1427 
397 221 1244 1459 
398 627 1035 1043 
399 910 911 1381 
400 717 743 1305 
401 198 1297 1605 
402 536 360 957 
403 302 304 940 
404 1007 267 1525 
405 1021 1475 1621 
406 363 366 490 
407 1080 1295 1296 
408 1291 190 1335 
409 623 574 1377 
410 1263 1363 1479 
411 1575 1546 1587 
412 947 1469 1570 
413 117 118 202 
414 1018 1017 1019 
415 107 108 1489 
416 109 110 1495 
417 108 109 1492 
418 297 300 1360 
419 518 519 521 
420 986 756 1040 
421 61 1424 1519 
422 979 995 1366 
423 213 1008 1009 
424 614 955 956 
425 817 1399 1527 
426 283 1045 1626 
427 189 1162 1664 
428 100 1431 1432 
429 946 700 1194 
430 779 778 1355 
431 353 355 1458 
432 496 518 922 
433 826 825 1365 
434 1008 205 1010 
435 1228 188 1501 
436 300 302 319 
437 836 1063 1065 
438 1349 848 1644 
439 889 1029 1059 
440 491 493 495 
441 1534 1338 1645 
442 195 1036 1601 
443 1054 1053 1706 
444 576 1381 1554 
445 228 92 1055 
446 363 490 894 
447 1430 100 1436 
448 967 964 1007 
449 312 1031 1457 
450 1060 201 1373 
451 100 1430 1431 
452 1561 220 1580 
453 118 119 938 
454 239 1464 1474 
455 166 1069 1356 
456 230 1397 1695 
457 964 930 1338 
458 490 491 1029 
459 106 1460 1461 
460 1469 196 1570 
461 834 1067 1601 
462 1053 228 1055 
463 262 268 952 
464 96 97 1547 
465 196 1295 1570 
466 297 1360 1639 
467 315 1048 1305 
468 187 1224 1225 
469 898 1314 1535 
470 241 1371 1649 
471 1284 583 1634 
472 94 95 1679 
473 271 274 1011 
474 110 111 1412 
475 95 96 1549 
476 105 106 1461 
477 99 100 1432 
478 111 112 1372 
479 959 958 961 
480 206 973 1579 
481 873 1034 1058 
482 496 498 518 
483 1060 1373 1708 
484 115 116 1656 
485 97 1530 1548 
486 1409 843 1450 
487 105 1461 1463 
488 1035 1044 1058 
489 209 120 971 
490 1377 574 1505 
491 826 1365 1521 
492 99 1432 1433 
493 123 212 970 
494 1003 537 1062 
495 938 119 1675 
496 894 490 1033 
497 106 1459 1460 
498 1357 1006 1416 
499 340 342 1032 
500 342 344 509 
501 802 1387 1474 
502 647 1218 1219 
503 834 836 1067 
504 290 568 1045 
505 909 1319 1572 
506 958 315 1305 
507 1053 1055 1706 
508 1523 541 1593 
509 116 117 1637 
510 1333 325 1700 
511 490 366 491 
512 211 1001 1382 
513 306 308 959 
514 867 870 1039 
515 325 328 1700 
516 1030 283 1626 
517 310 314 315 
518 870 1058 1562 
519 736 738 950 
520 634 989 991 
521 1589 595 1644 
522 1131 1130 1392 
523 285 289 290 
524 169 863 1039 
525 996 241 1041 
526 568 612 1045 
527 276 278 974 
528 1216 1217 1352 
529 1267 1429 1605 
530 923 281 1645 
531 614 611 955 
532 36 37 1268 
533 1031 311 1457 
534 192 1286 1287 
535 739 953 1291 
536 217 1251 1433 
537 1448 1347 1561 
538 342 509 1032 
539 1272 1403 1431 
540 172 914 1319 
541 521 522 527 
542 283 285 1045 
543 129 130 954 
544 191 953 1417 
545 1271 236 1339 
546 587 576 1303 
547 914 174 1616 
548 987 905 1353 
549 134 135 1001 
550 1478 1007 1525 
551 176 976 977 
552 912 178 913 
553 910 182 911 
554 174 920 921 
555 182 918 919 
556 918 173 1012 
557 16 205 1008 
558 1399 197 1527 
559 304 306 553 
560 1371 112 1390 
561 308 310 958 
562 1052 228 1053 
563 203 129 954 
564 1424 932 1519 
565 135 204 1001 
566 336 338 560 
567 965 964 967 
568 546 984 1700 
569 319 302 940 
570 187 1225 1226 
571 336 560 1683 
572 274 276 565 
573 340 1032 1646 
574 1264 46 1363 
575 565 974 1014 
576 495 493 496 
577 311 1031 1375 
578 632 1051 1282 
579 1304 336 1683 
580 1391 213 1607 
581 85 983 1404 
582 226 978 1004 
583 1363 193 1479 
584 1163 189 1337 
585 285 290 1045 
586 97 1449 1530 
587 938 939 1578 
588 210 131 1017 
589 634 991 1051 
590 984 546 1577 
591 322 605 1048 
592 238 1346 1347 
593 237 1546 1547 
594 1438 1584 1673 
595 133 211 1020 
596 953 191 1615 
597 1475 287 1621 
598 870 869 1058 
599 767 1003 1062 
600 210 1018 1022 
601 328 330 546 
602 268 269 270 
603 1294 1201 1565 
604 523 521 1043 
605 1009 1008 1010 
606 1216 1352 1557 
607 963 930 964 
608 173 917 1012 
609 293 295 296 
610 1548 1426 1586 
611 328 329 330 
612 262 266 268 
613 268 270 589 
614 537 1003 1063 
615 1015 938 1578 
616 490 1029 1389 
617 1429 198 1605 
618 111 1410 1412 
619 901 1600 1686 
620 1054 231 1678 
621 581 780 1031 
622 570 1471 1472 
623 570 1470 1471 
624 120 121 971 
625 300 301 302 
626 1403 217 1431 
627 972 1529 1606 
628 510 736 1348 
629 123 124 212 
630 170 987 1559 
631 121 122 214 
632 119 120 209 
633 290 291 548 
634 325 327 328 
635 949 948 1386 
636 1067 195 1601 
637 316 318 322 
638 583 1284 1380 
639 308 958 959 
640 160 159 903 
641 139 138 862 
642 146 145 242 
643 155 154 915 
644 141 140 916 
645 148 147 986 
646 162 161 987 
647 280 283 1030 
648 949 1293 1454 
649 898 894 1694 
650 1437 101 1439 
651 1443 103 1446 
652 1440 102 1442 
653 348 350 364 
654 1244 1393 1460 
655 11 12 208 
656 620 618 1604 
657 225 1300 1323 
658 122 123 970 
659 1465 105 1594 
660 105 1464 1594 
661 14 213 1391 
662 209 972 1606 
663 125 126 227 
664 1063 1003 1065 
665 1492 1494 1612 
666 1494 218 1612 
667 983 85 1687 
668 278 280 550 
669 594 256 1023 
670 117 202 1484 
671 316 322 1048 
672 950 738 951 
673 110 1412 1591 
674 203 969 1415 
675 338 340 1423 
676 213 15 1008 
677 491 495 1029 
678 949 1454 1506 
679 240 1541 1582 
680 518 498 519 
681 1292 1258 1297 
682 297 299 300 
683 315 314 316 
684 232 1308 1309 
685 605 717 1048 
686 14 15 213 
687 1116 52 1555 
688 1514 1000 1625 
689 215 1409 1450 
690 9 10 226 
691 1011 565 1676 
692 948 622 1419 
693 921 920 1635 
694 1513 1166 1563 
695 52 1116 1585 
696 194 1264 1564 
697 1284 564 1380 
698 780 980 1031 
699 977 837 1394 
700 356 1453 1524 
701 1063 835 1070 
702 237 1135 1545 
703 176 153 976 
704 152 177 976 
705 172 8 914 
706 181 6 910 
707 177 7 912 
708 5 166 941 
709 151 178 912 
710 158 174 914 
711 144 182 910 
712 174 157 920 
713 182 143 918 
714 178 150 1028 
715 149 179 1028 
716 142 173 918 
717 156 175 920 
718 274 275 276 
719 302 303 304 
720 215 1450 1588 
721 1468 1388 1518 
722 351 349 1367 
723 941 166 1356 
724 1391 1451 1452 
725 1387 239 1474 
726 233 1342 1411 
727 1135 237 1586 
728 737 992 1397 
729 1384 1343 1485 
730 521 519 522 
731 241 998 1371 
732 199 1268 1650 
733 594 1023 1025 
734 922 523 1034 
735 1361 1011 1676 
736 133 134 211 
737 130 131 210 
738 1355 204 1517 
739 315 316 1048 
740 262 952 1705 
741 105 1463 1464 
742 1219 1218 1378 
743 208 1452 1681 
744 243 181 244 
745 1047 767 1062 
746 290 289 291 
747 208 12 1452 
748 333 336 1304 
749 847 541 1523 
750 135 136 204 
751 920 1503 1635 
752 271 273 274 
753 128 129 203 
754 219 1445 1581 
755 240 1261 1597 
756 311 1375 1497 
757 229 1016 1290 
758 359 362 363 
759 1350 1037 1354 
760 527 528 551 
761 322 323 604 
762 218 999 1642 
763 131 132 1017 
764 179 986 1498 
765 1355 1288 1382 
766 1193 946 1194 
767 235 1193 1486 
768 1606 939 1675 
769 1017 132 1703 
770 256 258 1023 
771 1027 1362 1590 
772 330 331 332 
773 607 1011 1361 
774 1468 1518 1701 
775 732 759 1046 
776 132 1020 1703 
777 1464 239 1594 
778 780 979 980 
779 213 1009 1699 
780 1393 232 1460 
781 632 634 1051 
782 1051 376 1282 
783 238 1347 1447 
784 1073 1341 1369 
785 223 1618 1627 
786 352 358 359 
787 960 959 961 
788 972 971 1599 
789 132 133 1020 
790 212 124 966 
791 276 277 278 
792 1554 911 1560 
793 1413 215 1588 
794 955 611 957 
795 290 548 568 
796 1323 1300 1504 
797 98 1448 1449 
798 1023 1024 1025 
799 1020 211 1050 
800 613 611 614 
801 1226 1228 1501 
802 611 536 957 
803 304 305 306 
804 1329 618 1428 
805 352 359 1704 
806 322 318 323 
807 99 1433 1655 
808 258 260 556 
809 565 276 974 
810 1584 937 1673 
811 1034 523 1035 
812 1224 187 1358 
813 1648 1321 1666 
814 636 1182 1416 
815 1303 576 1554 
816 18 1293 1386 
817 956 955 1453 
818 336 337 338 
819 1046 759 1571 
820 1494 1514 1625 
821 1372 233 1411 
822 274 565 1011 
823 1410 111 1411 
824 1321 859 1666 
825 1464 1309 1474 
826 1261 240 1574 
827 974 975 1014 
828 527 522 528 
829 518 523 922 
830 1600 346 1686 
831 565 1014 1676 
832 220 1425 1426 
833 956 1500 1659 
834 999 218 1625 
835 234 1513 1563 
836 333 335 336 
837 1410 215 1412 
838 986 1040 1498 
839 969 962 1689 
840 1587 223 1627 
841 344 346 1600 
842 279 277 1472 
843 836 835 1063 
844 537 1063 1070 
845 1009 1010 1318 
846 363 365 366 
847 124 125 966 
848 1486 1193 1487 
849 873 1059 1422 
850 589 270 607 
851 278 279 280 
852 1219 1378 1418 
853 1018 1021 1471 
854 1338 928 1645 
855 4 127 1421 
856 1540 227 1689 
857 550 280 1030 
858 621 1343 1384 
859 527 551 582 
860 566 767 1047 
861 11 208 995 
862 546 330 1538 
863 267 1007 1536 
864 629 996 1041 
865 628 629 1041 
866 209 1606 1675 
867 1054 94 1679 
868 119 209 1675 
869 306 307 308 
870 935 623 1377 
871 10 11 995 
872 1029 495 1059 
873 1348 736 1592 
874 967 1007 1284 
875 939 938 1675 
876 1022 1018 1624 
877 268 589 952 
878 1470 931 1471 
879 967 1284 1634 
880 1020 1050 1476 
881 296 295 297 
882 268 266 269 
883 338 339 340 
884 15 16 1008 
885 1226 1501 1668 
886 1293 949 1386 
887 202 1015 1312 
888 963 964 965 
889 970 212 1670 
890 258 556 1023 
891 126 4 1421 
892 1013 194 1564 
893 322 604 605 
894 584 536 611 
895 1637 230 1656 
896 975 550 1669 
897 168 1216 1557 
898 237 1547 1548 
899 368 566 1047 
900 1351 991 1354 
901 770 614 1038 
902 1226 1225 1227 
903 212 966 1690 
904 496 922 1657 
905 328 327 329 
906 968 1507 1508 
907 491 492 493 
908 842 770 1454 
909 1541 240 1597 
910 1423 340 1646 
911 248 251 1049 
912 16 17 205 
913 254 256 594 
914 370 1351 1354 
915 251 254 1049 
916 950 951 1481 
917 137 1004 1628 
918 1113 1116 1555 
919 969 203 1568 
920 1218 168 1378 
921 280 282 283 
922 166 165 1374 
923 1041 241 1042 
924 983 815 1404 
925 94 1054 1706 
926 243 244 245 
927 1012 917 1502 
928 913 178 1289 
929 291 293 1328 
930 1026 183 1364 
931 1341 233 1369 
932 308 309 310 
933 348 364 1662 
934 960 961 1056 
935 332 333 1304 
936 568 548 591 
937 270 269 271 
938 1080 1296 1385 
939 185 1279 1566 
940 976 177 1665 
941 1035 523 1043 
942 239 1387 1388 
943 1400 909 1572 
944 567 1318 1604 
945 891 872 1061 
946 300 319 1360 
947 1298 1299 1325 
948 647 1219 1330 
949 1438 1437 1584 
950 965 967 968 
951 1412 215 1413 
952 340 341 342 
953 966 1658 1690 
954 915 1046 1571 
955 1027 224 1401 
956 745 746 1038 
957 1310 546 1538 
958 1034 1035 1058 
959 1002 1349 1644 
960 300 299 301 
961 589 607 608 
962 1459 1244 1460 
963 582 551 597 
964 256 257 258 
965 1608 1603 1610 
966 902 1032 1455 
967 709 1227 1253 
968 1227 1225 1253 
969 260 262 1705 
970 128 203 1415 
971 510 598 736 
972 575 814 1395 
973 330 329 331 
974 323 325 1333 
975 594 1025 1334 
976 211 1382 1567 
977 738 737 1312 
978 1023 556 1024 
979 232 1309 1463 
980 736 950 1592 
981 971 1002 1599 
982 584 611 613 
983 263 286 1380 
984 605 604 606 
985 736 737 738 
986 860 861 1289 
987 1353 896 1559 
988 296 297 1639 
989 254 255 256 
990 614 956 1038 
991 254 594 1049 
992 626 1012 1502 
993 245 244 246 
994 369 368 1047 
995 593 541 847 
996 1226 1227 1228 
997 248 1049 1306 
998 251 253 254 
999 1430 1272 1431 
1000 220 1426 1530 
1001 591 548 729 
1002 568 591 610 
1003 952 589 1321 
1004 183 1026 1544 
1005 233 1341 1342 
1006 890 872 891 
1007 13 1391 1452 
1008 608 607 609 
1009 582 597 626 
1010 597 551 741 
1011 838 1391 1607 
1012 848 1589 1644 
1013 1029 889 1389 
1014 572 1377 1505 
1015 606 604 984 
1016 605 606 625 
1017 584 613 1324 
1018 1243 221 1456 
1019 245 246 247 
1020 894 1539 1694 
1021 729 548 1328 
1022 568 610 612 
1023 591 729 730 
1024 608 609 858 
1025 597 741 776 
1026 582 626 627 
1027 741 551 1327 
1028 1001 204 1355 
1029 605 625 717 
1030 1618 1550 1627 
1031 245 247 248 
1032 247 246 249 
1033 1315 878 1326 
1034 537 374 1062 
1035 730 729 731 
1036 612 610 744 
1037 872 868 1061 
1038 868 865 1061 
1039 865 866 1061 
1040 858 609 860 
1041 608 858 859 
1042 374 372 1062 
1043 717 625 742 
1044 630 1282 1283 
1045 249 246 576 
1046 248 247 250 
1047 378 381 1068 
1048 578 580 1283 
1049 612 744 839 
1050 730 731 732 
1051 744 610 837 
1052 630 632 1282 
1053 860 609 861 
1054 381 578 1068 
1055 375 378 1068 
1056 1064 375 1068 
1057 373 375 1064 
1058 1065 985 1066 
1059 717 742 743 
1060 1068 578 1283 
1061 768 985 1065 
1062 248 250 251 
1063 249 576 587 
1064 732 731 758 
1065 839 744 840 
1066 743 742 1005 
1067 249 587 590 
1068 732 758 759 
1069 758 731 933 
1070 580 630 1283 
1071 1282 1064 1283 
1072 379 1070 1281 
1073 759 758 777 
1074 1070 835 1281 
1075 379 377 1070 
1076 759 777 824 
1077 877 880 1301 
1078 824 777 825 
1079 642 640 1281 
1080 879 876 1069 
1081 640 1076 1281 
1082 542 383 1076 
1083 824 825 826 
1084 835 642 1281 
1085 640 542 1076 
1086 1073 650 1170 
1087 383 380 1076 
1088 1072 650 1073 
1089 650 1072 1119 
1090 783 782 1077 
1091 782 1074 1077 
1092 1072 1077 1119 
1093 881 883 1071 
1094 1072 783 1077 
1095 1074 782 1081 
1096 899 884 1075 
1097 601 579 1081 
1098 884 882 1075 
1099 1078 1074 1081 
1100 782 601 1081 
1101 579 499 1081 
1102 499 1078 1081 
1103 499 382 1078 
1104 387 1074 1078 
1105 1082 639 1121 
1106 639 1079 1110 
1107 1079 639 1082 
1108 384 387 1078 
1109 682 525 1110 
1110 525 1084 1110 
1111 1079 682 1110 
1112 637 639 1110 
1113 1084 637 1110 
1114 385 637 1084 
1115 525 389 1084 
1116 726 1106 1118 
1117 1102 1097 1280 
1118 489 513 1105 
1119 1106 1103 1118 
1120 1103 562 1118 
1121 887 899 1083 
1122 1102 562 1103 
1123 1097 1094 1139 
1124 513 562 1105 
1125 489 1105 1249 
1126 389 386 1084 
1127 1097 1139 1280 
1128 1094 1093 1139 
1129 555 1269 1273 
1130 1093 1138 1139 
1131 1105 1102 1280 
1132 476 478 1129 
1133 1093 1101 1138 
1134 857 602 1085 
1135 481 1101 1129 
1136 1087 500 1126 
1137 500 1087 1146 
1138 562 1102 1105 
1139 775 1117 1265 
1140 1101 481 1138 
1141 435 1134 1149 
1142 1087 800 1146 
1143 829 1275 1276 
1144 1117 1115 1265 
1145 1269 1086 1273 
1146 451 452 1158 
1147 800 798 1274 
1148 1126 500 1129 
1149 500 476 1129 
1150 478 481 1129 
1151 1146 800 1274 
1152 452 506 1158 
1153 1109 506 1157 
1154 648 1119 1178 
1155 1134 1133 1149 
1156 524 1108 1202 
1157 1163 823 1270 
1158 1115 1112 1133 
1159 648 650 1119 
1160 506 1109 1158 
1161 645 762 1148 
1162 823 1239 1270 
1163 555 1148 1269 
1164 1134 435 1173 
1165 588 726 1118 
1166 1111 538 1133 
1167 602 600 1085 
1168 1108 796 1202 
1169 936 1248 1260 
1170 643 645 1148 
1171 1147 643 1148 
1172 944 617 1120 
1173 1108 524 1221 
1174 1112 1111 1133 
1175 1252 465 1255 
1176 443 441 1132 
1177 1122 443 1132 
1178 1115 1133 1134 
1179 561 588 1118 
1180 1115 1134 1265 
1181 508 643 1147 
1182 725 936 1260 
1183 617 616 1120 
1184 1101 1126 1129 
1185 506 1143 1157 
1186 1119 514 1178 
1187 701 946 1192 
1188 538 1111 1132 
1189 663 1142 1151 
1190 1143 651 1157 
1191 641 947 1121 
1192 1275 1158 1276 
1193 652 516 1127 
1194 796 793 1202 
1195 443 1122 1150 
1196 1174 656 1175 
1197 799 801 1238 
1198 1124 773 1141 
1199 459 651 1143 
1200 798 1108 1274 
1201 441 538 1132 
1202 773 775 1141 
1203 428 427 1140 
1204 656 658 1175 
1205 653 723 1157 
1206 663 665 1142 
1207 429 1125 1198 
1208 1123 703 1191 
1209 703 701 1192 
1210 703 1123 1190 
1211 431 428 1140 
1212 723 1109 1157 
1213 1125 429 1209 
1214 526 1136 1156 
1215 669 1240 1262 
1216 655 652 1127 
1217 1122 659 1150 
1218 432 434 1185 
1219 520 1124 1141 
1220 420 423 1211 
1221 1196 818 1231 
1222 429 430 1209 
1223 555 1147 1148 
1224 1099 1090 1135 
1225 616 809 1120 
1226 1173 1141 1265 
1227 1232 544 1254 
1228 1127 1252 1255 
1229 1144 790 1171 
1230 854 1232 1254 
1231 664 517 1177 
1232 1239 1175 1270 
1233 790 715 1171 
1234 801 1089 1238 
1235 638 641 1121 
1236 514 388 1178 
1237 1142 502 1151 
1238 667 664 1177 
1239 669 811 1240 
1240 434 437 1185 
1241 691 789 1190 
1242 811 1189 1240 
1243 462 465 1252 
1244 719 852 1130 
1245 1101 1091 1126 
1246 816 1086 1269 
1247 1090 1092 1135 
1248 1212 585 1213 
1249 1166 689 1167 
1250 418 420 1211 
1251 450 449 1174 
1252 520 1141 1173 
1253 710 557 1222 
1254 1133 538 1149 
1255 1142 669 1262 
1256 659 558 1150 
1257 436 435 1149 
1258 1188 684 1195 
1259 1125 1137 1198 
1260 784 1122 1132 
1261 437 1128 1185 
1262 526 1156 1209 
1263 449 656 1174 
1264 689 1164 1179 
1265 486 488 489 
1266 1125 753 1137 
1267 1164 689 1166 
1268 735 710 1236 
1269 532 1196 1231 
1270 697 1180 1223 
1271 1123 691 1190 
1272 435 433 1173 
1273 508 586 643 
1274 1180 501 1223 
1275 650 649 1170 
1276 1156 786 1209 
1277 415 1205 1207 
1278 649 671 1170 
1279 534 1152 1181 
1280 1089 1088 1090 
1281 409 1155 1176 
1282 816 815 983 
1283 427 660 1140 
1284 702 703 1190 
1285 662 773 1124 
1286 1134 1173 1265 
1287 439 436 1149 
1288 702 1169 1180 
1289 753 677 1137 
1290 710 1222 1236 
1291 410 501 1168 
1292 445 663 1151 
1293 562 561 1118 
1294 689 687 1167 
1295 1164 845 1179 
1296 486 489 1249 
1297 665 668 669 
1298 442 445 1151 
1299 789 1169 1190 
1300 486 487 488 
1301 533 1184 1199 
1302 754 787 788 
1303 474 500 1146 
1304 430 526 1209 
1305 1212 1213 1214 
1306 1160 1163 1270 
1307 504 1172 1186 
1308 1184 678 1199 
1309 526 432 1185 
1310 586 585 1212 
1311 647 586 1212 
1312 794 793 795 
1313 1168 501 1169 
1314 1136 526 1185 
1315 684 1179 1195 
1316 1089 1090 1099 
1317 822 735 1236 
1318 508 585 586 
1319 803 787 1156 
1320 1160 1161 1162 
1321 797 796 798 
1322 808 1128 1208 
1323 1098 1097 1102 
1324 763 655 764 
1325 734 710 735 
1326 1136 803 1156 
1327 1128 437 1208 
1328 827 667 828 
1329 827 828 830 
1330 1092 1095 1135 
1331 1104 1103 1106 
1332 475 472 1144 
1333 805 803 1136 
1334 433 520 1173 
1335 1191 703 1192 
1336 936 724 937 
1337 795 793 796 
1338 459 516 651 
1339 786 1125 1209 
1340 943 944 945 
1341 520 431 1140 
1342 1169 702 1190 
1343 718 715 719 
1344 687 690 1167 
1345 482 483 484 
1346 645 760 762 
1347 1152 695 1181 
1348 734 735 820 
1349 643 644 645 
1350 1247 712 1257 
1351 762 760 815 
1352 406 409 1176 
1353 1160 1162 1163 
1354 1204 707 1220 
1355 818 1205 1231 
1356 393 648 1178 
1357 845 672 1172 
1358 424 426 1198 
1359 1205 704 1207 
1360 390 393 1178 
1361 764 655 765 
1362 719 790 791 
1363 719 791 852 
1364 799 800 801 
1365 489 488 512 
1366 693 747 1153 
1367 534 395 1183 
1368 561 573 588 
1369 697 699 1180 
1370 797 798 799 
1371 678 680 1199 
1372 797 799 813 
1373 423 673 1211 
1374 616 720 809 
1375 662 772 773 
1376 719 715 790 
1377 657 558 659 
1378 725 724 936 
1379 1098 1102 1103 
1380 789 1168 1169 
1381 817 818 819 
1382 1092 1094 1095 
1383 409 410 1168 
1384 653 722 723 
1385 660 662 1124 
1386 478 480 481 
1387 665 666 668 
1388 852 791 853 
1389 426 429 1198 
1390 675 674 676 
1391 787 786 1156 
1392 852 853 856 
1393 1160 1159 1161 
1394 643 586 644 
1395 396 504 1186 
1396 449 447 558 
1397 469 467 544 
1398 1169 501 1180 
1399 690 999 1000 
1400 665 664 666 
1401 665 669 1142 
1402 474 476 500 
1403 482 484 503 
1404 817 706 818 
1405 802 803 804 
1406 429 428 430 
1407 1183 681 1197 
1408 754 786 787 
1409 1092 1093 1094 
1410 486 485 487 
1411 821 822 823 
1412 1092 1091 1093 
1413 478 479 480 
1414 673 675 1241 
1415 854 791 1145 
1416 662 771 772 
1417 764 765 766 
1418 1013 781 1057 
1419 1128 1136 1185 
1420 411 408 1187 
1421 588 616 617 
1422 681 683 1197 
1423 408 407 1187 
1424 1172 670 1186 
1425 651 653 1157 
1426 418 419 420 
1427 658 1159 1160 
1428 1155 686 1176 
1429 947 833 1036 
1430 456 458 459 
1431 395 392 1183 
1432 1155 409 1168 
1433 757 728 784 
1434 561 554 573 
1435 699 702 1180 
1436 757 784 785 
1437 441 439 538 
1438 445 517 663 
1439 462 461 463 
1440 699 700 701 
1441 396 398 504 
1442 660 533 661 
1443 853 791 854 
1444 489 512 513 
1445 648 531 649 
1446 739 757 953 
1447 397 534 1181 
1448 432 433 434 
1449 656 558 657 
1450 437 436 438 
1451 685 689 1179 
1452 727 728 739 
1453 417 697 1223 
1454 440 442 1151 
1455 464 463 1204 
1456 660 661 662 
1457 690 688 691 
1458 739 728 757 
1459 448 447 449 
1460 752 753 754 
1461 1090 1091 1092 
1462 505 418 1211 
1463 534 1183 1197 
1464 727 659 728 
1465 781 706 817 
1466 440 439 441 
1467 463 557 707 
1468 468 467 469 
1469 684 507 685 
1470 658 657 1159 
1471 802 787 803 
1472 790 1144 1145 
1473 440 441 442 
1474 481 480 482 
1475 712 711 831 
1476 430 428 431 
1477 479 477 547 
1478 765 655 1127 
1479 1128 805 1136 
1480 390 392 393 
1481 462 463 464 
1482 673 515 674 
1483 657 727 1159 
1484 671 672 843 
1485 671 846 1170 
1486 748 695 1152 
1487 396 397 398 
1488 404 405 406 
1489 470 469 471 
1490 697 698 699 
1491 854 1145 1232 
1492 462 464 465 
1493 474 475 476 
1494 631 857 1182 
1495 424 422 425 
1496 444 443 1150 
1497 482 480 483 
1498 504 1188 1195 
1499 751 677 752 
1500 679 704 705 
1501 401 399 563 
1502 403 404 507 
1503 412 413 414 
1504 690 691 999 
1505 694 693 1153 
1506 476 477 478 
1507 633 631 1182 
1508 635 633 636 
1509 683 740 810 
1510 406 407 408 
1511 394 392 395 
1512 400 399 401 
1513 649 670 671 
1514 671 843 846 
1515 394 395 396 
1516 418 416 419 
1517 538 439 1149 
1518 683 682 740 
1519 707 708 709 
1520 798 796 1108 
1521 648 649 650 
1522 685 686 687 
1523 690 1000 1167 
1524 421 552 678 
1525 427 533 660 
1526 688 686 1155 
1527 705 1013 1234 
1528 712 831 832 
1529 785 784 1111 
1530 657 659 727 
1531 675 721 1233 
1532 678 679 680 
1533 399 397 1181 
1534 398 399 400 
1535 434 436 437 
1536 445 446 517 
1537 1138 503 1139 
1538 728 659 1122 
1539 843 672 844 
1540 853 854 855 
1541 1114 1112 1115 
1542 407 545 696 
1543 426 427 428 
1544 449 558 656 
1545 459 458 460 
1546 475 1144 1171 
1547 554 512 555 
1548 649 531 670 
1549 834 835 836 
1550 996 997 998 
1551 404 406 1176 
1552 632 633 634 
1553 684 685 1179 
1554 393 531 648 
1555 454 453 455 
1556 1074 514 1077 
1557 629 782 783 
1558 636 633 1182 
1559 773 772 774 
1560 634 633 635 
1561 989 635 990 
1562 707 709 1220 
1563 400 401 402 
1564 414 416 417 
1565 426 425 427 
1566 452 454 506 
1567 478 477 479 
1568 677 674 1137 
1569 1111 784 1132 
1570 1080 1079 1082 
1571 393 392 394 
1572 438 439 440 
1573 442 443 444 
1574 456 455 457 
1575 465 466 1203 
1576 473 474 1146 
1577 693 695 747 
1578 406 408 409 
1579 789 688 1155 
1580 400 403 1188 
1581 432 431 433 
1582 434 433 435 
1583 451 450 452 
1584 466 468 524 
1585 468 469 470 
1586 687 688 690 
1587 754 753 786 
1588 1104 1106 1107 
1589 404 402 405 
1590 406 405 407 
1591 463 707 1204 
1592 1152 534 1197 
1593 676 674 677 
1594 692 693 694 
1595 748 1152 1200 
1596 438 436 439 
1597 474 472 475 
1598 696 545 711 
1599 1211 673 1241 
1600 808 805 1128 
1601 390 391 392 
1602 533 425 1184 
1603 1124 520 1140 
1604 662 661 771 
1605 671 670 672 
1606 691 688 789 
1607 766 793 794 
1608 417 416 418 
1609 670 531 1186 
1610 641 833 947 
1611 766 765 792 
1612 393 394 531 
1613 410 408 411 
1614 532 411 1187 
1615 634 635 989 
1616 666 667 827 
1617 1113 1112 1114 
1618 407 696 1187 
1619 410 411 412 
1620 420 422 423 
1621 438 440 502 
1622 470 471 472 
1623 713 547 714 
1624 714 547 715 
1625 630 631 632 
1626 1197 683 1200 
1627 740 1079 1080 
1628 424 425 426 
1629 434 435 436 
1630 632 631 633 
1631 834 642 835 
1632 663 664 665 
1633 675 676 721 
1634 398 397 399 
1635 416 415 1207 
1636 433 431 520 
1637 459 460 516 
1638 693 563 695 
1639 804 805 806 
1640 442 441 443 
1641 631 602 857 
1642 701 700 946 
1643 714 715 718 
1644 804 806 807 
1645 396 395 397 
1646 430 432 526 
1647 707 557 708 
1648 726 617 943 
1649 844 672 845 
1650 673 674 675 
1651 747 695 748 
1652 748 1200 1201 
1653 789 1155 1168 
1654 1096 1097 1098 
1655 400 402 403 
1656 455 453 543 
1657 403 402 404 
1658 410 412 501 
1659 437 438 1208 
1660 485 483 549 
1661 833 642 834 
1662 705 704 706 
1663 412 411 413 
1664 420 419 421 
1665 515 424 1198 
1666 456 459 1143 
1667 468 470 1221 
1668 678 552 679 
1669 641 640 642 
1670 653 654 722 
1671 687 686 688 
1672 997 783 1072 
1673 1179 845 1195 
1674 414 415 416 
1675 446 444 447 
1676 651 652 653 
1677 844 845 1164 
1678 398 400 1188 
1679 402 401 1206 
1680 427 425 533 
1681 454 455 456 
1682 708 557 710 
1683 1165 1164 1166 
1684 414 413 415 
1685 663 517 664 
1686 752 677 753 
1687 996 783 997 
1688 997 1072 1073 
1689 401 563 692 
1690 403 507 684 
1691 430 431 432 
1692 715 547 1171 
1693 692 563 693 
1694 629 601 782 
1695 672 670 1172 
1696 685 687 689 
1697 699 701 702 
1698 818 706 1205 
1699 784 728 1122 
1700 390 389 391 
1701 391 525 681 
1702 455 543 1210 
1703 472 471 1144 
1704 685 507 686 
1705 403 684 1188 
1706 466 467 468 
1707 740 682 1079 
1708 694 1153 1154 
1709 766 792 793 
1710 413 411 532 
1711 656 657 658 
1712 679 705 1234 
1713 683 810 1200 
1714 421 419 552 
1715 442 444 445 
1716 558 447 1150 
1717 513 512 554 
1718 788 787 802 
1719 414 417 1223 
1720 476 475 477 
1721 629 783 996 
1722 1113 1114 1116 
1723 388 390 1178 
1724 695 563 1181 
1725 407 405 545 
1726 420 421 422 
1727 423 422 424 
1728 482 503 1138 
1729 713 714 716 
1730 821 735 822 
1731 1090 1088 1091 
1732 524 468 1221 
1733 470 473 1221 
1734 711 545 1229 
1735 641 642 833 
1736 1114 1115 1117 
1737 417 418 505 
1738 676 677 751 
1739 681 682 683 
1740 699 698 700 
1741 785 1112 1113 
1742 391 389 525 
1743 448 449 450 
1744 473 472 474 
1745 686 507 1176 
1746 1137 515 1198 
1747 645 646 760 
1748 804 803 805 
1749 806 805 808 
1750 681 525 682 
1751 679 552 704 
1752 696 711 712 
1753 785 1111 1112 
1754 409 408 410 
1755 484 485 486 
1756 502 440 1151 
1757 484 483 485 
1758 563 399 1181 
1759 456 457 458 
1760 819 818 1196 
1761 1091 1088 1126 
1762 1096 1094 1097 
1763 470 472 473 
1764 397 395 534 
1765 445 444 446 
1766 452 450 453 
1767 453 450 1174 
1768 801 800 1087 
1769 426 428 429 
1770 466 464 467 
1771 705 706 781 
1772 1093 1091 1101 
1773 795 796 797 
1774 801 1088 1089 
1775 1095 1096 1100 
1776 504 398 1188 
1777 557 461 1222 
1778 1077 514 1119 
1779 666 664 667 
1780 828 667 829 
1781 999 691 1123 
1782 392 391 1183 
1783 651 516 652 
1784 417 505 697 
1785 791 790 1145 
1786 401 692 1206 
1787 1200 810 1201 
1788 423 515 673 
1789 844 1164 1165 
1790 463 461 557 
1791 639 638 1121 
1792 845 1172 1195 
1793 507 404 1176 
1794 488 508 1147 
1795 460 461 462 
1796 1026 720 1086 
1797 773 774 775 
1798 793 792 1202 
1799 452 453 454 
1800 702 701 703 
1801 806 808 1240 
1802 501 412 1223 
1803 479 547 713 
1804 799 798 800 
1805 705 781 1013 
1806 1214 1215 1216 
1807 446 447 448 
1808 697 505 698 
1809 811 668 812 
1810 421 678 1184 
1811 630 602 631 
1812 543 1174 1175 
1813 600 628 1085 
1814 708 710 734 
1815 669 668 811 
1816 762 815 816 
1817 674 515 1137 
1818 638 640 641 
1819 545 405 1206 
1820 438 502 1208 
1821 588 617 726 
1822 423 424 515 
1823 405 402 1206 
1824 460 458 461 
1825 388 389 390 
1826 1144 471 1145 
1827 513 554 561 
1828 467 464 1204 
1829 723 722 724 
1830 628 601 629 
1831 1152 1197 1200 
1832 412 414 1223 
1833 718 719 1130 
1834 786 753 1125 
1835 425 422 1184 
1836 661 533 1199 
1837 1145 471 1232 
1838 698 505 1241 
1839 387 514 1074 
1840 391 681 1183 
1841 448 450 451 
1842 479 713 1230 
1843 807 806 1189 
1844 888 895 902 
1845 654 655 763 
1846 544 1204 1220 
1847 1224 855 1225 
1848 1220 709 1253 
1849 447 444 1150 
1850 1189 806 1240 
1851 481 482 1138 
1852 653 652 654 
1853 1196 1247 1257 
1854 820 821 932 
1855 1205 415 1231 
1856 543 453 1174 
1857 1098 1103 1104 
1858 706 704 1205 
1859 1096 1098 1246 
1860 1213 585 1266 
1861 513 561 562 
1862 465 464 466 
1863 644 586 647 
1864 718 1130 1131 
1865 723 725 1109 
1866 723 724 725 
1867 654 652 655 
1868 680 1235 1237 
1869 545 1206 1229 
1870 1095 1094 1096 
1871 829 667 1177 
1872 895 893 896 
1873 645 644 646 
1874 831 711 1242 
1875 488 487 508 
1876 760 646 761 
1877 692 694 1229 
1878 764 766 1250 
1879 394 396 1186 
1880 1172 504 1195 
1881 422 421 1184 
1882 466 524 1203 
1883 1196 532 1247 
1884 801 1087 1088 
1885 531 394 1186 
1886 555 512 1147 
1887 457 455 1210 
1888 1206 692 1229 
1889 813 799 1238 
1890 1100 1096 1246 
1891 771 661 1237 
1892 415 413 1231 
1893 448 451 1245 
1894 616 573 720 
1895 505 1211 1241 
1896 461 458 1222 
1897 704 552 1207 
1898 532 1187 1247 
1899 675 1233 1241 
1900 680 1234 1235 
1901 680 679 1234 
1902 480 479 1230 
1903 506 454 1143 
1904 700 698 1233 
1905 828 829 1260 
1906 820 735 821 
1907 588 573 616 
1908 1199 680 1237 
1909 1088 1087 1126 
1910 761 973 1016 
1911 508 487 585 
1912 419 416 1207 
1913 469 544 1232 
1914 1177 517 1245 
1915 471 469 1232 
1916 547 477 1171 
1917 585 487 1266 
1918 502 1142 1262 
1919 712 832 1257 
1920 1216 1215 1217 
1921 661 1199 1237 
1922 1214 1213 1215 
1923 761 646 973 
1924 943 617 944 
1925 413 532 1231 
1926 544 467 1204 
1927 549 483 1230 
1928 544 1220 1254 
1929 477 475 1171 
1930 1243 751 1244 
1931 855 854 1254 
1932 465 1203 1255 
1933 711 1229 1242 
1934 1202 792 1203 
1935 451 1158 1275 
1936 694 1154 1242 
1937 552 419 1207 
1938 945 944 1052 
1939 1141 775 1265 
1940 809 720 1026 
1941 1208 502 1262 
1942 1250 794 1251 
1943 792 765 1255 
1944 808 1208 1262 
1945 1233 698 1241 
1946 454 456 1143 
1947 696 712 1247 
1948 600 601 628 
1949 388 386 389 
1950 1222 457 1236 
1951 1240 808 1262 
1952 829 1177 1275 
1953 580 602 630 
1954 1263 1235 1264 
1955 458 457 1222 
1956 543 1175 1239 
1957 853 855 1224 
1958 387 388 514 
1959 1229 694 1242 
1960 446 448 1245 
1961 637 638 639 
1962 1127 516 1252 
1963 1187 696 1247 
1964 856 853 1224 
1965 638 542 640 
1966 660 1124 1140 
1967 945 1053 1054 
1968 1210 822 1236 
1969 524 1202 1203 
1970 765 1127 1255 
1971 1098 1104 1246 
1972 945 1052 1053 
1973 1237 1235 1263 
1974 483 480 1230 
1975 666 827 1261 
1976 766 794 1250 
1977 823 822 1239 
1978 1225 855 1253 
1979 1257 832 1258 
1980 512 488 1147 
1981 676 751 1243 
1982 1248 828 1260 
1983 718 1131 1259 
1984 714 718 1259 
1985 1108 1221 1274 
1986 888 893 895 
1987 1220 1253 1254 
1988 457 1210 1236 
1989 668 666 1261 
1990 1210 543 1239 
1991 830 828 1248 
1992 761 1016 1027 
1993 721 676 1243 
1994 549 1230 1256 
1995 716 714 1259 
1996 771 1237 1263 
1997 1230 713 1256 
1998 893 887 1083 
1999 1203 792 1255 
2000 517 446 1245 
2001 713 716 1256 
2002 822 1210 1239 
2003 812 668 1261 
2004 460 462 1252 
2005 819 1196 1257 
2006 1267 1154 1268 
2007 819 1257 1258 
2008 1221 473 1274 
2009 1253 855 1254 
2010 1260 829 1276 
2011 1148 762 1269 
2012 831 1242 1267 
2013 484 486 1249 
2014 503 484 1249 
2015 1086 720 1273 
2016 516 460 1252 
2017 1109 725 1276 
2018 1242 1154 1267 
2019 1271 763 1272 
2020 554 555 1273 
2021 473 1146 1274 
2022 487 485 1266 
2023 1175 658 1270 
2024 580 600 602 
2025 637 542 638 
2026 387 386 388 
2027 600 579 601 
2028 725 1260 1276 
2029 722 654 1271 
2030 549 1256 1277 
2031 658 1160 1270 
2032 1245 451 1275 
2033 1177 1245 1275 
2034 485 549 1266 
2035 654 763 1271 
2036 1158 1109 1276 
2037 720 573 1273 
2038 1213 1266 1277 
2039 573 554 1273 
2040 888 887 893 
2041 762 816 1269 
2042 1266 549 1277 
2043 1215 1213 1277 
2044 1277 1256 1278 
2045 1278 716 1279 
2046 1249 1105 1280 
2047 503 1249 1280 
2048 1256 716 1278 
2049 1217 1278 1279 
2050 1217 1215 1278 
2051 1215 1277 1278 
2052 716 1259 1279 
2053 384 386 387 
2054 580 579 600 
2055 386 385 1084 
2056 385 542 637 
2057 1139 503 1280 
2058 885 887 888 
2059 887 884 899 
2060 384 385 386 
2061 385 383 542 
2062 578 579 580 
2063 885 884 887 
2064 382 384 1078 
2065 384 383 385 
2066 578 499 579 
2067 883 884 885 
2068 382 383 384 
2069 381 499 578 
2070 883 882 884 
2071 882 1069 1075 
2072 382 380 383 
2073 381 382 499 
2074 882 879 1069 
2075 881 882 883 
2076 886 881 1071 
2077 381 380 382 
2078 880 881 886 
2079 881 879 882 
2080 378 380 381 
2081 380 379 1076 
2082 1076 379 1281 
2083 880 879 881 
2084 378 379 380 
2085 877 879 880 
2086 878 877 1301 
2087 378 377 379 
2088 377 537 1070 
2089 877 876 879 
2090 875 877 878 
2091 375 377 378 
2092 377 374 537 
2093 869 871 873 
2094 875 876 877 
2095 871 868 872 
2096 375 374 377 
2097 875 874 876 
2098 869 868 871 
2099 867 869 870 
2100 768 769 985 
2101 1003 768 1065 
2102 376 373 1064 
2103 373 374 375 
2104 867 868 869 
2105 908 981 982 
2106 866 874 875 
2107 767 768 1003 
2108 768 596 769 
2109 373 372 374 
2110 371 373 376 
2111 372 1047 1062 
2112 376 1064 1282 
2113 1064 1068 1283 
2114 866 864 874 
2115 908 906 981 
2116 867 865 868 
2117 495 496 1657 
2118 767 596 768 
2119 371 372 373 
2120 372 369 1047 
2121 863 865 867 
2122 906 904 907 
2123 905 906 908 
2124 865 864 866 
2125 566 596 767 
2126 283 284 285 
2127 237 1545 1546 
2128 247 249 1285 
2129 250 247 1285 
2130 1117 775 1286 
2131 371 369 372 
2132 496 497 498 
2133 249 590 1285 
2134 1286 774 1287 
2135 905 904 906 
2136 863 864 865 
2137 775 774 1286 
2138 566 584 596 
2139 175 915 1571 
2140 243 245 1306 
2141 194 1013 1622 
2142 1318 567 1510 
2143 370 369 371 
2144 190 1161 1335 
2145 1471 1021 1472 
2146 863 862 864 
2147 180 755 756 
2148 171 904 905 
2149 590 587 749 
2150 528 530 1327 
2151 1033 490 1389 
2152 1445 219 1512 
2153 613 614 770 
2154 1227 709 1307 
2155 906 907 1310 
2156 708 734 1307 
2157 752 754 1308 
2158 566 536 584 
2159 1397 230 1484 
2160 1422 1059 1657 
2161 245 248 1306 
2162 310 313 314 
2163 302 301 303 
2164 776 741 1303 
2165 901 886 1071 
2166 613 842 1324 
2167 79 80 229 
2168 44 45 194 
2169 77 78 206 
2170 78 79 1290 
2171 47 48 193 
2172 50 51 192 
2173 53 54 191 
2174 56 57 190 
2175 59 60 189 
2176 62 63 188 
2177 65 66 187 
2178 68 69 186 
2179 71 72 185 
2180 55 56 1291 
2181 74 75 168 
2182 40 41 1292 
2183 33 34 225 
2184 41 42 197 
2185 19 20 184 
2186 28 29 196 
2187 29 30 1295 
2188 32 33 1294 
2189 30 31 1296 
2190 31 32 200 
2191 38 39 198 
2192 39 40 1297 
2193 21 22 1299 
2194 20 21 1298 
2195 22 23 167 
2196 35 36 199 
2197 18 19 1293 
2198 34 35 1300 
2199 25 26 195 
2200 1228 1307 1320 
2201 364 1313 1613 
2202 1307 734 1320 
2203 548 291 1328 
2204 1308 788 1309 
2205 920 175 1503 
2206 1061 866 1315 
2207 551 528 1327 
2208 1228 1227 1307 
2209 891 1061 1315 
2210 891 1315 1326 
2211 880 897 1301 
2212 880 886 897 
2213 875 878 1315 
2214 1407 1551 1606 
2215 258 259 260 
2216 361 369 370 
2217 913 1289 1702 
2218 1306 1049 1334 
2219 709 708 1307 
2220 1263 1264 1363 
2221 1250 217 1403 
2222 754 788 1308 
2223 981 906 1310 
2224 991 733 1354 
2225 1445 1443 1581 
2226 274 273 275 
2227 342 343 344 
2228 332 331 333 
2229 79 229 1290 
2230 56 190 1291 
2231 206 78 1290 
2232 40 1292 1297 
2233 41 197 1292 
2234 198 39 1297 
2235 200 32 1294 
2236 31 200 1296 
2237 196 29 1295 
2238 1295 30 1296 
2239 1298 21 1299 
2240 184 20 1298 
2241 22 167 1299 
2242 33 225 1294 
2243 19 184 1293 
2244 225 34 1300 
2245 35 199 1300 
2246 596 584 1324 
2247 748 1201 1323 
2248 1002 214 1349 
2249 180 242 755 
2250 171 903 904 
2251 169 862 863 
2252 173 916 917 
2253 1537 975 1669 
2254 952 1648 1705 
2255 153 152 976 
2256 138 5 941 
2257 159 8 172 
2258 152 7 177 
2259 145 6 181 
2260 158 157 174 
2261 151 150 178 
2262 144 143 182 
2263 154 153 176 
2264 140 139 169 
2265 161 160 171 
2266 147 146 180 
2267 5 165 166 
2268 7 151 912 
2269 8 158 914 
2270 6 144 910 
2271 157 156 920 
2272 143 142 918 
2273 150 149 1028 
2274 163 162 170 
2275 156 155 175 
2276 149 148 179 
2277 142 141 173 
2278 589 608 1321 
2279 1497 1375 1573 
2280 354 351 1367 
2281 136 137 1628 
2282 1319 914 1616 
2283 1015 738 1312 
2284 878 1301 1302 
2285 866 875 1315 
2286 973 646 1330 
2287 644 647 1330 
2288 553 960 1365 
2289 842 1454 1684 
2290 909 1400 1623 
2291 992 990 1373 
2292 171 160 903 
2293 169 139 862 
2294 180 146 242 
2295 170 162 987 
2296 175 155 915 
2297 173 141 916 
2298 179 148 986 
2299 933 731 1359 
2300 774 772 1331 
2301 88 89 1311 
2302 89 90 222 
2303 91 92 228 
2304 86 87 183 
2305 83 84 224 
2306 903 909 1623 
2307 1028 179 1552 
2308 742 625 1319 
2309 952 1321 1648 
2310 926 1022 1696 
2311 729 1328 1359 
2312 980 1366 1376 
2313 1039 870 1562 
2314 604 323 1333 
2315 590 934 1285 
2316 1161 1159 1335 
2317 727 739 1335 
2318 368 536 566 
2319 1324 842 1325 
2320 1036 27 1469 
2321 251 250 252 
2322 932 821 1337 
2323 823 1163 1337 
2324 346 348 1686 
2325 984 604 1333 
2326 359 358 362 
2327 1460 232 1461 
2328 628 1041 1345 
2329 316 317 318 
2330 734 820 1320 
2331 871 872 889 
2332 1489 1491 1672 
2333 1491 235 1672 
2334 937 724 1339 
2335 722 1271 1339 
2336 186 1130 1653 
2337 608 859 1321 
2338 376 1051 1351 
2339 747 748 1323 
2340 1071 883 1340 
2341 769 596 1324 
2342 285 288 289 
2343 1073 1170 1341 
2344 277 570 1472 
2345 1107 1106 1344 
2346 726 943 1344 
2347 795 797 1346 
2348 355 1037 1458 
2349 733 1350 1354 
2350 769 1324 1325 
2351 71 185 1332 
2352 368 360 536 
2353 1051 991 1351 
2354 276 275 277 
2355 599 511 733 
2356 371 376 1351 
2357 995 208 1366 
2358 251 252 253 
2359 254 253 255 
2360 1414 913 1702 
2361 228 1052 1322 
2362 1394 730 1569 
2363 878 1302 1326 
2364 1409 215 1410 
2365 90 91 1322 
2366 575 624 814 
2367 304 303 305 
2368 646 644 1330 
2369 361 368 369 
2370 560 1336 1683 
2371 930 928 1338 
2372 1107 1344 1619 
2373 876 874 1356 
2374 927 925 928 
2375 89 222 1311 
2376 731 729 1359 
2377 237 1548 1586 
2378 814 838 942 
2379 344 345 346 
2380 609 607 1361 
2381 1041 1042 1345 
2382 1287 774 1331 
2383 361 370 1037 
2384 1021 1019 1475 
2385 988 749 994 
2386 70 71 1332 
2387 997 1073 1369 
2388 1434 238 1654 
2389 1049 594 1334 
2390 1341 846 1342 
2391 46 47 1363 
2392 929 928 930 
2393 1380 564 1398 
2394 203 954 1526 
2395 1001 1355 1382 
2396 175 1571 1691 
2397 1014 861 1676 
2398 1246 223 1587 
2399 1159 727 1335 
2400 741 1327 1402 
2401 1370 233 1372 
2402 91 228 1322 
2403 222 90 1322 
2404 185 72 1352 
2405 1050 211 1567 
2406 1598 1345 1603 
2407 889 872 890 
2408 1346 813 1347 
2409 291 292 293 
2410 1000 1514 1563 
2411 795 1346 1515 
2412 1191 1491 1511 
2413 895 896 1336 
2414 1300 199 1504 
2415 752 1308 1393 
2416 336 335 337 
2417 810 740 1385 
2418 224 1027 1590 
2419 576 246 1381 
2420 165 164 1374 
2421 1037 370 1354 
2422 187 66 1358 
2423 260 261 262 
2424 195 1067 1532 
2425 821 823 1337 
2426 250 1285 1368 
2427 323 324 325 
2428 1037 1350 1458 
2429 802 804 1387 
2430 363 362 365 
2431 998 1370 1371 
2432 1020 1476 1703 
2433 890 891 892 
2434 1331 772 1479 
2435 1194 721 1456 
2436 1325 1299 1528 
2437 1244 751 1393 
2438 1308 232 1393 
2439 1431 217 1432 
2440 1356 874 1630 
2441 1336 560 1595 
2442 724 722 1339 
2443 744 837 1396 
2444 837 610 1394 
2445 955 957 1524 
2446 348 1662 1686 
2447 168 75 1378 
2448 994 749 1682 
2449 892 891 1326 
2450 883 885 1340 
2451 1558 776 1560 
2452 167 23 1379 
2453 350 352 1535 
2454 256 255 257 
2455 1342 1410 1411 
2456 613 770 842 
2457 815 760 1401 
2458 761 1027 1401 
2459 1170 846 1341 
2460 239 1388 1467 
2461 278 277 279 
2462 223 1246 1617 
2463 764 1250 1403 
2464 1272 763 1403 
2465 1106 726 1344 
2466 491 366 492 
2467 900 886 901 
2468 117 1484 1637 
2469 1085 628 1345 
2470 777 758 1408 
2471 591 730 1394 
2472 1603 1042 1610 
2473 846 843 1409 
2474 1034 873 1422 
2475 1296 200 1385 
2476 797 813 1346 
2477 1373 990 1708 
2478 953 757 1417 
2479 785 1113 1417 
2480 306 305 307 
2481 1541 1440 1582 
2482 1117 1286 1420 
2483 1116 1114 1420 
2484 1286 192 1420 
2485 346 347 348 
2486 1344 231 1619 
2487 186 69 1392 
2488 1375 980 1376 
2489 817 819 1399 
2490 1238 1089 1425 
2491 1312 1397 1484 
2492 17 18 1386 
2493 1344 943 1678 
2494 843 844 1450 
2495 338 337 339 
2496 856 1224 1358 
2497 1453 955 1524 
2498 61 62 1424 
2499 888 902 1455 
2500 560 338 1423 
2501 84 85 1404 
2502 223 1617 1618 
2503 370 371 1351 
2504 528 529 530 
2505 267 1338 1534 
2506 905 908 1353 
2507 962 930 963 
2508 286 583 1380 
2509 736 598 737 
2510 216 1248 1667 
2511 193 1331 1479 
2512 88 1311 1364 
2513 183 87 1364 
2514 1161 190 1516 
2515 788 802 1474 
2516 77 206 1418 
2517 771 1263 1479 
2518 293 294 295 
2519 1483 951 1551 
2520 72 73 1352 
2521 1318 620 1604 
2522 262 265 266 
2523 27 28 1469 
2524 861 1014 1702 
2525 1346 238 1515 
2526 1306 1334 1647 
2527 590 750 934 
2528 1360 319 1408 
2529 933 1360 1408 
2530 977 1394 1569 
2531 809 1311 1632 
2532 355 361 1037 
2533 1069 876 1356 
2534 1550 1618 1620 
2535 1182 857 1357 
2536 242 243 1647 
2537 627 626 1502 
2538 1189 811 1512 
2539 1251 794 1515 
2540 807 1189 1518 
2541 861 609 1361 
2542 1433 1251 1434 
2543 917 1044 1502 
2544 1495 1496 1611 
2545 1496 234 1611 
2546 1004 978 1517 
2547 839 1030 1626 
2548 66 67 1358 
2549 933 1359 1639 
2550 280 279 282 
2551 1387 807 1388 
2552 325 326 327 
2553 850 321 851 
2554 70 1332 1392 
2555 1258 1292 1399 
2556 104 1465 1468 
2557 781 817 1527 
2558 1268 37 1429 
2559 348 349 350 
2560 1301 897 1313 
2561 187 1226 1668 
2562 361 360 368 
2563 1100 1246 1587 
2564 941 1356 1630 
2565 1083 170 1559 
2566 207 1608 1609 
2567 1504 199 1650 
2568 308 307 309 
2569 60 61 1519 
2570 164 163 1553 
2571 258 257 259 
2572 777 1408 1509 
2573 496 493 497 
2574 226 1004 1542 
2575 816 983 1544 
2576 1026 1086 1544 
2577 1487 221 1651 
2578 1462 1487 1651 
2579 925 923 1645 
2580 188 63 1501 
2581 1135 1095 1545 
2582 37 38 1429 
2583 1332 1131 1392 
2584 1491 1490 1511 
2585 252 250 1368 
2586 231 1344 1678 
2587 47 193 1363 
2588 9 226 1542 
2589 998 997 1369 
2590 893 1083 1559 
2591 984 1333 1700 
2592 81 82 1362 
2593 340 339 341 
2594 1166 1167 1563 
2595 1234 1013 1564 
2596 1264 1235 1564 
2597 897 886 900 
2598 49 1287 1636 
2599 813 1238 1561 
2600 1259 1131 1566 
2601 297 298 299 
2602 1522 592 1589 
2603 114 1006 1609 
2604 87 88 1364 
2605 1121 947 1570 
2606 1302 1301 1313 
2607 190 57 1516 
2608 1507 968 1634 
2609 1099 1135 1586 
2610 932 1337 1519 
2611 52 53 1555 
2612 597 776 1558 
2613 1661 1520 1671 
2614 569 931 1470 
2615 590 749 750 
2616 747 1323 1504 
2617 769 1325 1528 
2618 1303 741 1402 
2619 207 1357 1598 
2620 319 940 1509 
2621 25 195 1532 
2622 75 76 1378 
2623 1261 827 1597 
2624 246 244 1381 
2625 1036 833 1601 
2626 1520 1661 1674 
2627 721 1243 1456 
2628 904 903 1623 
2629 530 539 540 
2630 831 1267 1605 
2631 98 1435 1448 
2632 636 1060 1708 
2633 23 24 1379 
2634 899 1075 1374 
2635 635 636 1708 
2636 1246 1104 1617 
2637 51 52 1585 
2638 864 862 1630 
2639 68 186 1556 
2640 316 314 317 
2641 1342 1409 1410 
2642 74 168 1557 
2643 1374 164 1553 
2644 902 895 1595 
2645 1340 885 1455 
2646 860 1028 1552 
2647 593 847 848 
2648 945 1054 1678 
2649 999 1123 1642 
2650 1268 1154 1650 
2651 1130 852 1653 
2652 615 1349 1640 
2653 740 1080 1385 
2654 1343 357 1485 
2655 1059 495 1657 
2656 1057 43 1622 
2657 1031 980 1375 
2658 1418 206 1579 
2659 283 282 284 
2660 350 351 352 
2661 1442 1444 1582 
2662 1441 216 1583 
2663 1444 240 1582 
2664 1439 1441 1583 
2665 944 1120 1477 
2666 323 318 324 
2667 43 44 1622 
2668 1285 934 1368 
2669 820 932 1660 
2670 998 1369 1370 
2671 1369 233 1370 
2672 1319 625 1572 
2673 1607 213 1699 
2674 1006 114 1631 
2675 804 807 1387 
2676 310 309 313 
2677 271 272 273 
2678 598 511 599 
2679 951 738 1015 
2680 851 321 1466 
2681 205 17 1386 
2682 191 54 1615 
2683 55 1291 1615 
2684 1425 1099 1426 
2685 581 779 780 
2686 519 498 535 
2687 1248 936 1667 
2688 1334 755 1647 
2689 193 48 1636 
2690 330 332 1538 
2691 928 925 1645 
2692 342 341 343 
2693 621 745 1343 
2694 742 1319 1616 
2695 65 187 1668 
2696 751 752 1393 
2697 59 189 1664 
2698 610 591 1394 
2699 603 1406 1407 
2700 825 777 1509 
2701 1447 1347 1448 
2702 1338 267 1536 
2703 540 571 592 
2704 1131 1332 1566 
2705 69 70 1392 
2706 1291 953 1615 
2707 1432 217 1433 
2708 947 1036 1469 
2709 509 344 1600 
2710 819 1258 1399 
2711 840 744 1396 
2712 1618 1619 1620 
2713 1014 975 1414 
2714 85 86 1687 
2715 281 1534 1645 
2716 1032 902 1646 
2717 1337 189 1519 
2718 824 826 1691 
2719 780 978 979 
2720 528 522 529 
2721 80 2 1629 
2722 841 623 935 
2723 1463 1309 1464 
2724 352 353 358 
2725 291 289 292 
2726 365 510 1348 
2727 1544 983 1687 
2728 1467 1388 1468 
2729 2 81 1629 
2730 1378 76 1418 
2731 606 984 1400 
2732 760 761 1401 
2733 1 9 1542 
2734 1044 627 1502 
2735 12 13 1452 
2736 366 365 1348 
2737 285 284 288 
2738 1025 1024 1576 
2739 179 1498 1552 
2740 1494 1493 1514 
2741 732 1046 1569 
2742 260 259 261 
2743 569 924 931 
2744 127 128 1415 
2745 83 224 1590 
2746 763 764 1403 
2747 922 1034 1422 
2748 840 1396 1531 
2749 758 933 1408 
2750 1376 935 1377 
2751 1201 810 1565 
2752 13 14 1391 
2753 1331 193 1636 
2754 1292 197 1399 
2755 333 334 335 
2756 1377 572 1573 
2757 236 1430 1641 
2758 264 252 1368 
2759 344 343 345 
2760 1487 1462 1488 
2761 1486 1487 1488 
2762 856 1358 1556 
2763 814 624 838 
2764 1400 984 1577 
2765 733 511 1350 
2766 757 785 1417 
2767 981 1538 1643 
2768 1085 1345 1598 
2769 927 928 929 
2770 1007 964 1536 
2771 1312 737 1397 
2772 263 1380 1398 
2773 38 198 1429 
2774 814 942 1638 
2775 1375 1376 1573 
2776 253 252 263 
2777 1114 1117 1420 
2778 76 77 1418 
2779 1052 944 1477 
2780 1162 1161 1516 
2781 1342 846 1409 
2782 745 1038 1659 
2783 1352 73 1557 
2784 224 84 1404 
2785 770 1038 1506 
2786 1056 921 1635 
2787 1089 1099 1425 
2788 218 1494 1625 
2789 263 252 264 
2790 901 1071 1693 
2791 494 619 621 
2792 1193 1194 1685 
2793 511 367 1350 
2794 1358 67 1556 
2795 1040 859 1498 
2796 207 1598 1603 
2797 137 1 1542 
2798 1414 975 1602 
2799 1402 994 1682 
2800 62 188 1424 
2801 1357 857 1598 
2802 346 345 347 
2803 1476 1019 1703 
2804 612 839 1626 
2805 844 1165 1450 
2806 1325 842 1684 
2807 286 577 583 
2808 1267 1268 1429 
2809 810 1385 1565 
2810 899 1374 1553 
2811 1379 24 1532 
2812 227 126 1421 
2813 1038 956 1659 
2814 1013 1057 1622 
2815 929 930 962 
2816 1367 349 1533 
2817 1444 1443 1445 
2818 885 888 1455 
2819 621 622 745 
2820 314 313 1395 
2821 297 295 298 
2822 493 492 1482 
2823 355 360 361 
2824 1423 902 1595 
2825 750 749 988 
2826 1030 839 1669 
2827 271 269 272 
2828 498 497 1316 
2829 1529 972 1599 
2830 293 292 294 
2831 1045 612 1626 
2832 262 261 265 
2833 889 890 1389 
2834 333 331 334 
2835 365 367 510 
2836 1408 319 1509 
2837 890 892 1033 
2838 329 327 1329 
2839 1298 1325 1684 
2840 1044 917 1562 
2841 1359 296 1639 
2842 1293 184 1454 
2843 912 913 1531 
2844 325 324 326 
2845 1038 746 1506 
2846 1461 232 1463 
2847 746 622 948 
2848 257 255 564 
2849 778 1288 1355 
2850 96 1547 1575 
2851 812 1261 1574 
2852 981 1310 1538 
2853 919 1558 1560 
2854 348 347 349 
2855 1551 951 1578 
2856 510 511 598 
2857 1309 788 1474 
2858 1004 137 1542 
2859 975 1537 1602 
2860 772 771 1479 
2861 1545 1100 1546 
2862 1477 1120 1632 
2863 932 1424 1660 
2864 28 196 1469 
2865 1326 1302 1383 
2866 956 1453 1500 
2867 1395 814 1543 
2868 1302 1313 1314 
2869 908 982 1633 
2870 286 264 541 
2871 968 967 1634 
2872 1322 1052 1477 
2873 1538 332 1643 
2874 255 253 1398 
2875 364 350 1535 
2876 1391 838 1451 
2877 973 1330 1579 
2878 266 265 281 
2879 494 334 618 
2880 530 529 539 
2881 1219 1418 1579 
2882 221 1487 1685 
2883 606 1400 1572 
2884 859 858 1498 
2885 1056 961 1596 
2886 1362 82 1590 
2887 577 541 593 
2888 812 1445 1512 
2889 755 242 1647 
2890 327 326 567 
2891 350 349 351 
2892 1406 1317 1407 
2893 303 301 311 
2894 619 618 620 
2895 1551 939 1606 
2896 63 64 1501 
2897 1299 167 1528 
2898 1567 851 1661 
2899 535 1317 1406 
2900 1248 216 1614 
2901 1153 747 1504 
2902 1040 756 1576 
2903 299 298 312 
2904 569 272 923 
2905 221 1459 1651 
2906 1535 352 1704 
2907 540 539 571 
2908 292 289 1466 
2909 277 275 570 
2910 295 294 1473 
2911 811 812 1512 
2912 780 779 978 
2913 352 351 353 
2914 313 574 575 
2915 353 351 354 
2916 494 621 1384 
2917 202 1312 1484 
2918 222 1322 1477 
2919 1165 1166 1513 
2920 794 795 1515 
2921 1547 1546 1575 
2922 907 1400 1577 
2923 960 1056 1521 
2924 571 539 603 
2925 312 298 320 
2926 337 335 1384 
2927 595 1529 1599 
2928 1162 1516 1664 
2929 1116 1420 1585 
2930 924 923 925 
2931 273 272 569 
2932 365 362 367 
2933 1498 858 1552 
2934 1314 898 1694 
2935 592 571 595 
2936 575 623 624 
2937 826 1503 1691 
2938 57 58 1516 
2939 926 925 927 
2940 307 305 572 
2941 289 288 1466 
2942 492 366 1348 
2943 982 1336 1633 
2944 355 354 360 
2945 1481 951 1483 
2946 535 1316 1317 
2947 1450 1165 1588 
2948 324 318 1480 
2949 1057 781 1527 
2950 189 60 1519 
2951 326 324 559 
2952 581 320 778 
2953 317 314 1395 
2954 1405 535 1406 
2955 265 261 267 
2956 535 498 1316 
2957 294 292 321 
2958 341 339 357 
2959 985 769 1528 
2960 929 962 969 
2961 1332 185 1566 
2962 347 345 356 
2963 894 1033 1539 
2964 284 282 287 
2965 335 334 494 
2966 892 1326 1383 
2967 313 309 574 
2968 318 317 1480 
2969 24 25 1532 
2970 621 619 622 
2971 207 1603 1608 
2972 519 535 1405 
2973 839 840 1537 
2974 294 321 849 
2975 313 575 1395 
2976 1511 1490 1612 
2977 745 622 746 
2978 263 264 286 
2979 849 321 850 
2980 849 850 1288 
2981 327 567 1329 
2982 1288 850 1382 
2983 1388 807 1518 
2984 1336 982 1683 
2985 1086 816 1544 
2986 510 367 511 
2987 1120 809 1632 
2988 746 948 949 
2989 1095 1100 1545 
2990 1365 960 1521 
2991 858 860 1552 
2992 286 541 577 
2993 494 618 619 
2994 1407 1317 1551 
2995 359 898 1704 
2996 1350 367 1697 
2997 1528 167 1707 
2998 577 593 615 
2999 312 320 581 
3000 353 354 355 
3001 861 1361 1676 
3002 581 778 779 
3003 569 923 924 
3004 1556 186 1653 
3005 575 574 623 
3006 1385 200 1565 
3007 1454 184 1684 
3008 624 623 841 
3009 924 925 926 
3010 522 519 1405 
3011 328 546 1700 
3012 572 1497 1573 
3013 1009 1318 1510 
3014 626 597 1558 
3015 896 893 1559 
3016 234 1496 1513 
3017 197 42 1680 
3018 1453 356 1499 
3019 1287 1331 1636 
3020 67 68 1556 
3021 1304 982 1643 
3022 1508 615 1640 
3023 1083 899 1553 
3024 776 1303 1554 
3025 73 74 1557 
3026 1436 101 1437 
3027 1442 103 1443 
3028 1439 102 1440 
3029 53 191 1555 
3030 1153 1504 1650 
3031 1167 1000 1563 
3032 1487 1193 1685 
3033 1235 1234 1564 
3034 1279 1259 1566 
3035 1436 1438 1641 
3036 1438 236 1641 
3037 1514 234 1563 
3038 730 732 1569 
3039 1082 1121 1570 
3040 759 824 1571 
3041 266 281 1427 
3042 332 1304 1643 
3043 625 606 1572 
3044 1396 837 1665 
3045 222 1477 1632 
3046 1019 1017 1703 
3047 1368 934 1593 
3048 587 1303 1682 
3049 183 1544 1687 
3050 1501 64 1668 
3051 1310 907 1577 
3052 982 1304 1683 
3053 550 1030 1669 
3054 497 493 1482 
3055 200 1294 1565 
3056 1302 1314 1383 
3057 1347 813 1561 
3058 1400 907 1623 
3059 43 1057 1680 
3060 1475 1019 1476 
3061 298 295 1473 
3062 1018 1471 1624 
3063 859 1040 1666 
3064 1316 497 1481 
3065 985 1528 1707 
3066 331 329 1428 
3067 1516 58 1664 
3068 546 1310 1577 
3069 116 1637 1656 
3070 269 266 1427 
3071 1334 1025 1698 
3072 1349 214 1640 
3073 42 43 1680 
3074 962 963 1540 
3075 192 51 1585 
3076 253 263 1398 
3077 1600 901 1693 
3078 743 1005 1596 
3079 556 260 1705 
3080 827 830 1597 
3081 857 1085 1598 
3082 1194 1456 1685 
3083 235 1486 1672 
3084 1576 756 1698 
3085 830 1248 1614 
3086 299 312 1457 
3087 82 83 1590 
3088 1617 1107 1618 
3089 890 1033 1389 
3090 833 834 1601 
3091 321 292 1466 
3092 541 264 1593 
3093 968 1508 1670 
3094 1313 897 1613 
3095 618 334 1428 
3096 301 299 1457 
3097 218 1511 1612 
3098 832 831 1605 
3099 1521 1056 1635 
3100 345 343 1499 
3101 746 949 1506 
3102 1441 1440 1541 
3103 1496 1413 1588 
3104 335 494 1384 
3105 1005 742 1616 
3106 830 1541 1597 
3107 1330 1219 1579 
3108 934 750 1523 
3109 1104 1107 1617 
3110 529 522 1405 
3111 559 324 1480 
3112 275 273 1470 
3113 982 981 1643 
3114 907 904 1623 
3115 564 255 1398 
3116 1482 492 1592 
3117 54 55 1615 
3118 1000 999 1625 
3119 204 136 1628 
3120 1025 1576 1698 
3121 874 864 1630 
3122 229 80 1629 
3123 273 569 1470 
3124 1426 1099 1586 
3125 1042 241 1649 
3126 44 194 1622 
3127 294 849 1473 
3128 1648 556 1705 
3129 305 303 1497 
3130 776 1554 1560 
3131 1376 1377 1573 
3132 1360 933 1639 
3133 1123 1191 1642 
3134 339 337 1485 
3135 48 49 1636 
3136 1024 556 1648 
3137 923 272 1427 
3138 127 1415 1421 
3139 750 988 1522 
3140 167 1379 1707 
3141 329 1329 1428 
3142 320 298 1473 
3143 957 1367 1524 
3144 1446 104 1468 
3145 1154 1153 1650 
3146 1454 770 1506 
3147 1492 109 1493 
3148 1489 108 1490 
3149 852 856 1653 
3150 259 257 1478 
3151 240 1444 1574 
3152 936 937 1667 
3153 1451 841 1452 
3154 1024 1648 1666 
3155 937 1339 1673 
3156 838 624 1451 
3157 1546 1100 1587 
3158 913 1414 1602 
3159 1496 1495 1591 
3160 1413 1496 1591 
3161 895 1336 1595 
3162 1071 1340 1693 
3163 943 945 1678 
3164 264 1368 1593 
3165 58 59 1664 
3166 243 1306 1647 
3167 1066 985 1707 
3168 990 635 1708 
3169 1446 1468 1701 
3170 966 1540 1658 
3171 1353 908 1633 
3172 1518 219 1701 
3173 64 65 1668 
3174 756 755 1698 
3175 749 587 1682 
3176 583 577 1507 
3177 272 269 1427 
3178 1444 1445 1574 
3179 1445 812 1574 
3180 1475 1476 1671 
3181 896 1353 1633 
3182 1289 861 1702 
3183 1303 1402 1682 
3184 358 1458 1697 
3185 892 1383 1539 
3186 1033 892 1539 
3187 1420 192 1585 
3188 978 779 1517 
3189 309 307 1505 
3190 334 331 1428 
3191 1456 221 1685 
3192 603 539 1652 
3193 1540 963 1658 
3194 926 927 1526 
3195 1434 1654 1655 
3196 188 1320 1660 
3197 1382 850 1567 
3198 848 847 1589 
3199 184 1298 1684 
3200 1311 222 1632 
3201 1618 1107 1619 
3202 1345 1042 1603 
3203 1484 230 1637 
3204 356 345 1499 
3205 1050 1567 1661 
3206 1320 820 1660 
3207 311 301 1457 
3208 755 1334 1698 
3209 951 1015 1578 
3210 624 841 1451 
3211 927 929 1568 
3212 1336 896 1633 
3213 1481 497 1482 
3214 362 358 1697 
3215 303 311 1497 
3216 279 1472 1621 
3217 86 183 1687 
3218 234 1514 1611 
3219 1514 1493 1611 
3220 1507 615 1508 
3221 1317 1316 1483 
3222 942 838 1607 
3223 929 969 1568 
3224 850 851 1567 
3225 257 564 1478 
3226 570 275 1470 
3227 216 1441 1614 
3228 902 1423 1646 
3229 1288 778 1688 
3230 897 900 1613 
3231 267 261 1525 
3232 337 1384 1485 
3233 177 1396 1665 
3234 572 305 1497 
3235 1339 236 1673 
3236 357 339 1485 
3237 288 284 1520 
3238 1531 913 1602 
3239 574 309 1505 
3240 1317 1483 1551 
3241 307 572 1505 
3242 577 615 1507 
3243 560 1423 1595 
3244 1510 567 1692 
3245 236 1438 1673 
3246 261 259 1525 
3247 1503 826 1635 
3248 1316 1481 1483 
3249 1476 1661 1671 
3250 1453 1499 1500 
3251 1610 1042 1649 
3252 1390 1610 1649 
3253 595 1599 1644 
3254 571 603 1529 
3255 1527 197 1680 
3256 1340 509 1693 
3257 924 926 1696 
3258 1014 1414 1702 
3259 1362 229 1629 
3260 287 282 1621 
3261 81 1362 1629 
3262 239 1467 1594 
3263 1467 1465 1594 
3264 349 347 1533 
3265 559 1480 1638 
3266 284 287 1520 
3267 1526 927 1568 
3268 1513 1496 1588 
3269 281 265 1534 
3270 1480 1543 1638 
3271 265 267 1534 
3272 1004 1517 1628 
3273 347 356 1533 
3274 595 571 1529 
3275 203 1526 1568 
3276 1458 1350 1697 
3277 963 965 1658 
3278 1405 1406 1652 
3279 1379 1066 1707 
3280 1543 814 1638 
3281 1452 841 1681 
3282 492 1348 1592 
3283 1508 970 1670 
3284 1415 969 1689 
3285 778 320 1688 
3286 1329 567 1604 
3287 317 1395 1543 
3288 750 1522 1523 
3289 1473 849 1688 
3290 341 357 1663 
3291 1441 1541 1614 
3292 1541 830 1614 
3293 851 1466 1674 
3294 1530 1449 1580 
3295 220 1530 1580 
3296 900 901 1686 
3297 1406 603 1652 
3298 1499 343 1663 
3299 1654 1435 1655 
3300 356 1524 1533 
3301 1480 317 1543 
3302 282 279 1621 
3303 567 326 1692 
3304 993 1416 1631 
3305 1416 1006 1631 
3306 1165 1513 1588 
3307 1373 201 1695 
3308 583 1507 1634 
3309 357 1500 1663 
3310 856 1556 1653 
3311 320 1473 1688 
3312 287 1475 1671 
3313 259 1478 1525 
3314 1537 840 1602 
3315 965 968 1690 
3316 1191 1511 1642 
3317 1511 218 1642 
3318 1466 288 1674 
3319 1510 1677 1699 
3320 343 341 1663 
3321 849 1288 1688 
3322 1471 931 1624 
3323 1390 113 1610 
3324 539 529 1652 
3325 1424 188 1660 
3326 939 1551 1578 
3327 934 1523 1593 
3328 113 1608 1610 
3329 950 1482 1592 
3330 840 1531 1602 
3331 1500 1499 1663 
3332 1437 1583 1584 
3333 1583 216 1584 
3334 841 935 1681 
3335 529 1405 1652 
3336 942 1607 1699 
3337 1447 1435 1654 
3338 238 1447 1654 
3339 931 924 1696 
3340 227 1421 1689 
3341 1476 1050 1661 
3342 367 362 1697 
3343 1343 745 1659 
3344 1658 965 1690 
3345 826 1521 1635 
3346 326 559 1692 
3347 1421 1415 1689 
3348 937 1584 1667 
3349 922 1422 1657 
3350 1503 175 1691 
3351 95 1550 1620 
3352 1656 230 1695 
3353 201 1656 1695 
3354 1661 851 1674 
3355 1599 1002 1644 
3356 364 1613 1662 
3357 839 1537 1669 
3358 950 1481 1482 
3359 1009 1510 1699 
3360 1581 1446 1701 
3361 970 1508 1640 
3362 1524 1367 1533 
3363 509 1600 1693 
3364 1576 1024 1666 
3365 1040 1576 1666 
3366 847 1522 1589 
3367 1624 931 1696 
3368 1549 96 1575 
3369 1662 900 1686 
3370 1057 1527 1680 
3371 1522 847 1523 
3372 1613 900 1662 
3373 1462 107 1488 
3374 1517 204 1628 
3375 288 1520 1674 
3376 898 1535 1704 
3377 1495 110 1591 
3378 1584 216 1667 
3379 1571 824 1691 
3380 1539 1383 1694 
3381 1383 1314 1694 
3382 1677 1510 1692 
3383 559 1638 1677 
3384 219 1581 1701 
3385 1520 287 1671 
3386 968 1670 1690 
3387 559 1677 1692 
3388 1022 1624 1696 
3389 1677 942 1699 
3390 1638 942 1677 
3391 1670 212 1690 
3392 112 113 1390 
3393 93 3 1055 
3394 3 94 1706 
3395 1055 3 1706 
3396 95 1549 1550 
3397 1547 97 1548 
3398 1435 99 1655 
3399 1608 113 1609 
3400 1371 1370 1372 
3401 1412 1413 1591 
3402 1530 1426 1548 
3403 1430 1436 1641 
3404 1433 1434 1655 
3405 1435 1447 1448 
3406 1437 1439 1583 
3407 1440 1442 1582 
3408 1443 1446 1581 
3409 1449 1448 1580 
3410 1459 1462 1651 
3411 1465 1467 1468 
3412 1486 1488 1489 
3413 1486 1489 1672 
3414 1490 1492 1612 
3415 1493 1495 1611 
3416 1550 1549 1627 
$EndElements
